[0.000000] (-) TimerEvent: {}
[0.000151] (sim_msgs) JobQueued: {'identifier': 'sim_msgs', 'dependencies': OrderedDict()}
[0.000173] (sim) JobQueued: {'identifier': 'sim', 'dependencies': OrderedDict([('sim_msgs', '/home/arepo/vsss_sim/bullet_ws/install/sim_msgs')])}
[0.000188] (sim_msgs) JobStarted: {'identifier': 'sim_msgs'}
[0.008095] (sim_msgs) JobProgress: {'identifier': 'sim_msgs', 'progress': 'cmake'}
[0.008698] (sim_msgs) Command: {'cmd': ['/home/arepo/.local/bin/cmake', '/home/arepo/vsss_sim/bullet_ws/src/sim_msgs', '-DCMAKE_INSTALL_PREFIX=/home/arepo/vsss_sim/bullet_ws/install/sim_msgs'], 'cwd': '/home/arepo/vsss_sim/bullet_ws/build/sim_msgs', 'env': OrderedDict([('GJS_DEBUG_TOPICS', 'JS ERROR;JS LOG'), ('PROFILEHOME', ''), ('LESSOPEN', '| /usr/bin/lesspipe %s'), ('LANGUAGE', ''), ('USER', 'arepo'), ('LC_TIME', 'es_MX.UTF-8'), ('XDG_SESSION_TYPE', 'x11'), ('KONSOLE_VERSION', '211203'), ('SHLVL', '1'), ('LD_LIBRARY_PATH', '/home/arepo/vsss_sim/bullet_ws/install/sim_msgs/lib:/home/arepo/vsss/bullet_ws/install/sim_msgs/lib:/usr/local/cuda-12.6/lib64:/usr/lib/x86_64-linux-gnu/gazebo-11/plugins:/opt/ros/humble/opt/rviz_ogre_vendor/lib:/opt/ros/humble/lib/x86_64-linux-gnu:/opt/ros/humble/lib'), ('HOME', '/home/arepo'), ('OLDPWD', '/home/arepo/vsss_sim'), ('DESKTOP_SESSION', 'ubuntu'), ('GIO_LAUNCHED_DESKTOP_FILE', '/usr/share/applications/org.kde.konsole.desktop'), ('ROS_PYTHON_VERSION', '3'), ('GNOME_SHELL_SESSION_MODE', 'ubuntu'), ('SHELL_SESSION_ID', '23dd6b86062b4413bb9ad94b12a83ad6'), ('GTK_MODULES', 'gail:atk-bridge'), ('LC_MONETARY', 'es_MX.UTF-8'), ('KONSOLE_DBUS_SESSION', '/Sessions/4'), ('MANAGERPID', '1615'), ('SYSTEMD_EXEC_PID', '1875'), ('DBUS_SESSION_BUS_ADDRESS', 'unix:path=/run/user/1000/bus'), ('COLORTERM', 'truecolor'), ('GIO_LAUNCHED_DESKTOP_FILE_PID', '3980'), ('KONSOLE_DBUS_WINDOW', '/Windows/1'), ('COLCON_PREFIX_PATH', '/home/arepo/vsss_sim/bullet_ws/install:/home/arepo/vsss/bullet_ws/install'), ('ROS_DISTRO', 'humble'), ('GTK_IM_MODULE', 'ibus'), ('LOGNAME', 'arepo'), ('WINDOWID', '8388615'), ('JOURNAL_STREAM', '8:565'), ('_', '/usr/bin/colcon'), ('ROS_VERSION', '2'), ('XDG_SESSION_CLASS', 'user'), ('COLORFGBG', '15;0'), ('USERNAME', 'arepo'), ('TERM', 'xterm-256color'), ('GNOME_DESKTOP_SESSION_ID', 'this-is-deprecated'), ('ROS_LOCALHOST_ONLY', '0'), ('WINDOWPATH', '2'), ('PATH', '/usr/local/cuda-12.6/bin:/opt/ros/humble/bin:/home/arepo/.local/bin:/home/arepo/bin:/usr/local/sbin:/usr/local/bin:/usr/sbin:/usr/bin:/sbin:/bin:/usr/games:/usr/local/games:/snap/bin:/snap/bin:/home/arepo/.spicetify'), ('SESSION_MANAGER', 'local/arepo-Legion:@/tmp/.ICE-unix/1848,unix/arepo-Legion:/tmp/.ICE-unix/1848'), ('INVOCATION_ID', '9d7b7d3356d3449ab7d7879c887efd98'), ('XDG_MENU_PREFIX', 'gnome-'), ('LC_ADDRESS', 'es_MX.UTF-8'), ('XDG_RUNTIME_DIR', '/run/user/1000'), ('DISPLAY', ':1'), ('LANG', 'en_US.UTF-8'), ('XDG_CURRENT_DESKTOP', 'ubuntu:GNOME'), ('LC_TELEPHONE', 'es_MX.UTF-8'), ('XMODIFIERS', '@im=ibus'), ('XDG_SESSION_DESKTOP', 'ubuntu'), ('XAUTHORITY', '/run/user/1000/gdm/Xauthority'), ('LS_COLORS', 'rs=0:di=01;34:ln=01;36:mh=00:pi=40;33:so=01;35:do=01;35:bd=40;33;01:cd=40;33;01:or=40;31;01:mi=00:su=37;41:sg=30;43:ca=30;41:tw=30;42:ow=34;42:st=37;44:ex=01;32:*.tar=01;31:*.tgz=01;31:*.arc=01;31:*.arj=01;31:*.taz=01;31:*.lha=01;31:*.lz4=01;31:*.lzh=01;31:*.lzma=01;31:*.tlz=01;31:*.txz=01;31:*.tzo=01;31:*.t7z=01;31:*.zip=01;31:*.z=01;31:*.dz=01;31:*.gz=01;31:*.lrz=01;31:*.lz=01;31:*.lzo=01;31:*.xz=01;31:*.zst=01;31:*.tzst=01;31:*.bz2=01;31:*.bz=01;31:*.tbz=01;31:*.tbz2=01;31:*.tz=01;31:*.deb=01;31:*.rpm=01;31:*.jar=01;31:*.war=01;31:*.ear=01;31:*.sar=01;31:*.rar=01;31:*.alz=01;31:*.ace=01;31:*.zoo=01;31:*.cpio=01;31:*.7z=01;31:*.rz=01;31:*.cab=01;31:*.wim=01;31:*.swm=01;31:*.dwm=01;31:*.esd=01;31:*.jpg=01;35:*.jpeg=01;35:*.mjpg=01;35:*.mjpeg=01;35:*.gif=01;35:*.bmp=01;35:*.pbm=01;35:*.pgm=01;35:*.ppm=01;35:*.tga=01;35:*.xbm=01;35:*.xpm=01;35:*.tif=01;35:*.tiff=01;35:*.png=01;35:*.svg=01;35:*.svgz=01;35:*.mng=01;35:*.pcx=01;35:*.mov=01;35:*.mpg=01;35:*.mpeg=01;35:*.m2v=01;35:*.mkv=01;35:*.webm=01;35:*.webp=01;35:*.ogm=01;35:*.mp4=01;35:*.m4v=01;35:*.mp4v=01;35:*.vob=01;35:*.qt=01;35:*.nuv=01;35:*.wmv=01;35:*.asf=01;35:*.rm=01;35:*.rmvb=01;35:*.flc=01;35:*.avi=01;35:*.fli=01;35:*.flv=01;35:*.gl=01;35:*.dl=01;35:*.xcf=01;35:*.xwd=01;35:*.yuv=01;35:*.cgm=01;35:*.emf=01;35:*.ogv=01;35:*.ogx=01;35:*.aac=00;36:*.au=00;36:*.flac=00;36:*.m4a=00;36:*.mid=00;36:*.midi=00;36:*.mka=00;36:*.mp3=00;36:*.mpc=00;36:*.ogg=00;36:*.ra=00;36:*.wav=00;36:*.oga=00;36:*.opus=00;36:*.spx=00;36:*.xspf=00;36:'), ('SSH_AGENT_LAUNCHER', 'gnome-keyring'), ('SSH_AUTH_SOCK', '/run/user/1000/keyring/ssh'), ('ROS_DOMAIN_ID', '10'), ('AMENT_PREFIX_PATH', '/home/arepo/vsss_sim/bullet_ws/install/vision:/home/arepo/vsss_sim/bullet_ws/install/sim:/home/arepo/vsss_sim/bullet_ws/install/sim_msgs:/home/arepo/vsss/bullet_ws/install/vision:/home/arepo/vsss/bullet_ws/install/sim:/home/arepo/vsss/bullet_ws/install/sim_msgs:/opt/ros/humble'), ('SHELL', '/bin/bash'), ('LC_NAME', 'es_MX.UTF-8'), ('QT_ACCESSIBILITY', '1'), ('GDMSESSION', 'ubuntu'), ('LESSCLOSE', '/usr/bin/lesspipe %s %s'), ('KONSOLE_DBUS_SERVICE', ':1.114'), ('LC_MEASUREMENT', 'es_MX.UTF-8'), ('GPG_AGENT_INFO', '/run/user/1000/gnupg/S.gpg-agent:0:1'), ('GJS_DEBUG_OUTPUT', 'stderr'), ('LC_IDENTIFICATION', 'es_MX.UTF-8'), ('QT_IM_MODULE', 'ibus'), ('PWD', '/home/arepo/vsss_sim/bullet_ws/build/sim_msgs'), ('LC_ALL', 'en_US.UTF-8'), ('XDG_CONFIG_DIRS', '/etc/xdg/xdg-ubuntu:/etc/xdg'), ('XDG_DATA_DIRS', '/usr/share/ubuntu:/usr/share/gnome:/usr/local/share/:/usr/share/:/var/lib/snapd/desktop'), ('PYTHONPATH', '/home/arepo/vsss_sim/bullet_ws/install/vision/lib/python3.10/site-packages:/home/arepo/vsss_sim/bullet_ws/install/sim/lib/python3.10/site-packages:/home/arepo/vsss_sim/bullet_ws/install/sim_msgs/local/lib/python3.10/dist-packages:/home/arepo/vsss/bullet_ws/install/vision/lib/python3.10/site-packages:/home/arepo/vsss/bullet_ws/install/sim/lib/python3.10/site-packages:/home/arepo/vsss/bullet_ws/install/sim_msgs/local/lib/python3.10/dist-packages:/opt/ros/humble/lib/python3.10/site-packages:/opt/ros/humble/local/lib/python3.10/dist-packages'), ('LC_NUMERIC', 'es_MX.UTF-8'), ('LC_PAPER', 'es_MX.UTF-8'), ('COLCON', '1'), ('CMAKE_PREFIX_PATH', '/home/arepo/vsss_sim/bullet_ws/install/sim_msgs:/home/arepo/vsss/bullet_ws/install/sim_msgs:/home/arepo/vsss_sim/bullet_ws/install/vision:/home/arepo/vsss_sim/bullet_ws/install/sim:/home/arepo/vsss/bullet_ws/install/vision:/home/arepo/vsss/bullet_ws/install/sim:/opt/ros/humble')]), 'shell': False}
[0.071238] (sim_msgs) StderrLine: {'line': b'\x1b[0mCMake Deprecation Warning at CMakeLists.txt:1 (cmake_minimum_required):\n'}
[0.071497] (sim_msgs) StderrLine: {'line': b'  Compatibility with CMake < 3.10 will be removed from a future version of\n'}
[0.071701] (sim_msgs) StderrLine: {'line': b'  CMake.\n'}
[0.071805] (sim_msgs) StderrLine: {'line': b'\n'}
[0.071887] (sim_msgs) StderrLine: {'line': b'  Update the VERSION argument <min> value.  Or, use the <min>...<max> syntax\n'}
[0.071961] (sim_msgs) StderrLine: {'line': b'  to tell CMake that the project requires at least <min> but has been updated\n'}
[0.072033] (sim_msgs) StderrLine: {'line': b'  to work with policies introduced by <max> or earlier.\n'}
[0.072094] (sim_msgs) StderrLine: {'line': b'\n'}
[0.072124] (sim_msgs) StderrLine: {'line': b'\x1b[0m\n'}
[0.099400] (-) TimerEvent: {}
[0.134299] (sim_msgs) StdoutLine: {'line': b'-- The C compiler identification is GNU 11.4.0\n'}
[0.199518] (-) TimerEvent: {}
[0.202300] (sim_msgs) StdoutLine: {'line': b'-- The CXX compiler identification is GNU 11.4.0\n'}
[0.218318] (sim_msgs) StdoutLine: {'line': b'-- Detecting C compiler ABI info\n'}
[0.299652] (-) TimerEvent: {}
[0.306691] (sim_msgs) StdoutLine: {'line': b'-- Detecting C compiler ABI info - done\n'}
[0.320742] (sim_msgs) StdoutLine: {'line': b'-- Check for working C compiler: /usr/bin/cc - skipped\n'}
[0.321309] (sim_msgs) StdoutLine: {'line': b'-- Detecting C compile features\n'}
[0.321835] (sim_msgs) StdoutLine: {'line': b'-- Detecting C compile features - done\n'}
[0.336880] (sim_msgs) StdoutLine: {'line': b'-- Detecting CXX compiler ABI info\n'}
[0.399788] (-) TimerEvent: {}
[0.400609] (sim_msgs) StdoutLine: {'line': b'-- Detecting CXX compiler ABI info - done\n'}
[0.414682] (sim_msgs) StdoutLine: {'line': b'-- Check for working CXX compiler: /usr/bin/c++ - skipped\n'}
[0.415267] (sim_msgs) StdoutLine: {'line': b'-- Detecting CXX compile features\n'}
[0.415733] (sim_msgs) StdoutLine: {'line': b'-- Detecting CXX compile features - done\n'}
[0.434502] (sim_msgs) StdoutLine: {'line': b'-- Found ament_cmake: 1.3.12 (/opt/ros/humble/share/ament_cmake/cmake)\n'}
[0.499903] (-) TimerEvent: {}
[0.558532] (sim_msgs) StdoutLine: {'line': b'-- Found Python3: /usr/bin/python3 (found version "3.10.12") found components: Interpreter\n'}
[0.599988] (-) TimerEvent: {}
[0.657088] (sim_msgs) StdoutLine: {'line': b'-- Found rosidl_default_generators: 1.2.0 (/opt/ros/humble/share/rosidl_default_generators/cmake)\n'}
[0.661198] (sim_msgs) StdoutLine: {'line': b'-- Using all available rosidl_typesupport_c: rosidl_typesupport_fastrtps_c;rosidl_typesupport_introspection_c\n'}
[0.671784] (sim_msgs) StdoutLine: {'line': b'-- Found rosidl_adapter: 3.1.7 (/opt/ros/humble/share/rosidl_adapter/cmake)\n'}
[0.700160] (-) TimerEvent: {}
[0.732686] (sim_msgs) StdoutLine: {'line': b'-- Using all available rosidl_typesupport_cpp: rosidl_typesupport_fastrtps_cpp;rosidl_typesupport_introspection_cpp\n'}
[0.800298] (-) TimerEvent: {}
[0.900638] (-) TimerEvent: {}
[1.000966] (-) TimerEvent: {}
[1.101261] (-) TimerEvent: {}
[1.149415] (sim_msgs) StdoutLine: {'line': b'-- Found ament_cmake_ros: 0.10.0 (/opt/ros/humble/share/ament_cmake_ros/cmake)\n'}
[1.201365] (-) TimerEvent: {}
[1.301609] (-) TimerEvent: {}
[1.401934] (-) TimerEvent: {}
[1.502210] (-) TimerEvent: {}
[1.516698] (sim_msgs) StdoutLine: {'line': b'-- Using all available rosidl_typesupport_c: rosidl_typesupport_fastrtps_c;rosidl_typesupport_introspection_c\n'}
[1.602340] (-) TimerEvent: {}
[1.702668] (-) TimerEvent: {}
[1.802983] (-) TimerEvent: {}
[1.903296] (-) TimerEvent: {}
[1.985161] (sim_msgs) StdoutLine: {'line': b'-- Using all available rosidl_typesupport_cpp: rosidl_typesupport_fastrtps_cpp;rosidl_typesupport_introspection_cpp\n'}
[1.987419] (sim_msgs) StderrLine: {'line': b'\x1b[33mCMake Warning (dev) at /opt/ros/humble/share/rosidl_generator_py/cmake/rosidl_generator_py_generate_interfaces.cmake:20 (find_package):\n'}
[1.987581] (sim_msgs) StderrLine: {'line': b'  Policy CMP0148 is not set: The FindPythonInterp and FindPythonLibs modules\n'}
[1.987678] (sim_msgs) StderrLine: {'line': b'  are removed.  Run "cmake --help-policy CMP0148" for policy details.  Use\n'}
[1.987757] (sim_msgs) StderrLine: {'line': b'  the cmake_policy command to set the policy and suppress this warning.\n'}
[1.987828] (sim_msgs) StderrLine: {'line': b'\n'}
[1.987897] (sim_msgs) StderrLine: {'line': b'Call Stack (most recent call first):\n'}
[1.987968] (sim_msgs) StderrLine: {'line': b'  /opt/ros/humble/share/ament_cmake_core/cmake/core/ament_execute_extensions.cmake:48 (include)\n'}
[1.988040] (sim_msgs) StderrLine: {'line': b'  /opt/ros/humble/share/rosidl_cmake/cmake/rosidl_generate_interfaces.cmake:286 (ament_execute_extensions)\n'}
[1.988112] (sim_msgs) StderrLine: {'line': b'  CMakeLists.txt:12 (rosidl_generate_interfaces)\n'}
[1.988181] (sim_msgs) StderrLine: {'line': b'This warning is for project developers.  Use -Wno-dev to suppress it.\n'}
[1.988253] (sim_msgs) StderrLine: {'line': b'\x1b[0m\n'}
[2.003408] (-) TimerEvent: {}
[2.006023] (sim_msgs) StdoutLine: {'line': b'-- Found PythonInterp: /usr/bin/python3 (found suitable version "3.10.12", minimum required is "3.6")\n'}
[2.008793] (sim_msgs) StdoutLine: {'line': b'-- Found python_cmake_module: 0.10.0 (/opt/ros/humble/share/python_cmake_module/cmake)\n'}
[2.009659] (sim_msgs) StderrLine: {'line': b'\x1b[33mCMake Warning (dev) at /opt/ros/humble/share/python_cmake_module/cmake/Modules/FindPythonExtra.cmake:52 (find_package):\n'}
[2.009815] (sim_msgs) StderrLine: {'line': b'  Policy CMP0148 is not set: The FindPythonInterp and FindPythonLibs modules\n'}
[2.009908] (sim_msgs) StderrLine: {'line': b'  are removed.  Run "cmake --help-policy CMP0148" for policy details.  Use\n'}
[2.010006] (sim_msgs) StderrLine: {'line': b'  the cmake_policy command to set the policy and suppress this warning.\n'}
[2.010085] (sim_msgs) StderrLine: {'line': b'\n'}
[2.010157] (sim_msgs) StderrLine: {'line': b'Call Stack (most recent call first):\n'}
[2.010189] (sim_msgs) StderrLine: {'line': b'  /opt/ros/humble/share/rosidl_generator_py/cmake/rosidl_generator_py_generate_interfaces.cmake:23 (find_package)\n'}
[2.010222] (sim_msgs) StderrLine: {'line': b'  /opt/ros/humble/share/ament_cmake_core/cmake/core/ament_execute_extensions.cmake:48 (include)\n'}
[2.010260] (sim_msgs) StderrLine: {'line': b'  /opt/ros/humble/share/rosidl_cmake/cmake/rosidl_generate_interfaces.cmake:286 (ament_execute_extensions)\n'}
[2.010293] (sim_msgs) StderrLine: {'line': b'  CMakeLists.txt:12 (rosidl_generate_interfaces)\n'}
[2.010324] (sim_msgs) StderrLine: {'line': b'This warning is for project developers.  Use -Wno-dev to suppress it.\n'}
[2.010355] (sim_msgs) StderrLine: {'line': b'\x1b[0m\n'}
[2.027544] (sim_msgs) StderrLine: {'line': b'\x1b[33mCMake Warning (dev) at /opt/ros/humble/share/python_cmake_module/cmake/Modules/FindPythonExtra.cmake:140 (find_package):\n'}
[2.027731] (sim_msgs) StderrLine: {'line': b'  Policy CMP0148 is not set: The FindPythonInterp and FindPythonLibs modules\n'}
[2.027827] (sim_msgs) StderrLine: {'line': b'  are removed.  Run "cmake --help-policy CMP0148" for policy details.  Use\n'}
[2.027909] (sim_msgs) StderrLine: {'line': b'  the cmake_policy command to set the policy and suppress this warning.\n'}
[2.027981] (sim_msgs) StderrLine: {'line': b'\n'}
[2.028048] (sim_msgs) StderrLine: {'line': b'Call Stack (most recent call first):\n'}
[2.028122] (sim_msgs) StderrLine: {'line': b'  /opt/ros/humble/share/rosidl_generator_py/cmake/rosidl_generator_py_generate_interfaces.cmake:23 (find_package)\n'}
[2.028190] (sim_msgs) StderrLine: {'line': b'  /opt/ros/humble/share/ament_cmake_core/cmake/core/ament_execute_extensions.cmake:48 (include)\n'}
[2.028222] (sim_msgs) StderrLine: {'line': b'  /opt/ros/humble/share/rosidl_cmake/cmake/rosidl_generate_interfaces.cmake:286 (ament_execute_extensions)\n'}
[2.028264] (sim_msgs) StderrLine: {'line': b'  CMakeLists.txt:12 (rosidl_generate_interfaces)\n'}
[2.028296] (sim_msgs) StderrLine: {'line': b'This warning is for project developers.  Use -Wno-dev to suppress it.\n'}
[2.028327] (sim_msgs) StderrLine: {'line': b'\x1b[0m\n'}
[2.038372] (sim_msgs) StdoutLine: {'line': b'-- Found PythonLibs: /usr/lib/x86_64-linux-gnu/libpython3.10.so (found suitable version "3.10.12", minimum required is "3.5")\n'}
[2.038696] (sim_msgs) StdoutLine: {'line': b'-- Using PYTHON_EXECUTABLE: /usr/bin/python3\n'}
[2.038831] (sim_msgs) StdoutLine: {'line': b'-- Using PYTHON_INCLUDE_DIRS: /usr/include/python3.10\n'}
[2.038923] (sim_msgs) StdoutLine: {'line': b'-- Using PYTHON_LIBRARIES: /usr/lib/x86_64-linux-gnu/libpython3.10.so\n'}
[2.057507] (sim_msgs) StdoutLine: {'line': b'-- Found PythonExtra: .so\n'}
[2.088503] (sim_msgs) StdoutLine: {'line': b'-- Found ament_lint_auto: 0.12.14 (/opt/ros/humble/share/ament_lint_auto/cmake)\n'}
[2.103517] (-) TimerEvent: {}
[2.121774] (sim_msgs) StdoutLine: {'line': b"-- Added test 'lint_cmake' to check CMake code style\n"}
[2.123668] (sim_msgs) StdoutLine: {'line': b"-- Added test 'xmllint' to check XML markup files\n"}
[2.126667] (sim_msgs) StdoutLine: {'line': b'-- Configuring done (2.1s)\n'}
[2.163301] (sim_msgs) StdoutLine: {'line': b'-- Generating done (0.0s)\n'}
[2.169958] (sim_msgs) StdoutLine: {'line': b'-- Build files have been written to: /home/arepo/vsss_sim/bullet_ws/build/sim_msgs\n'}
[2.177104] (sim_msgs) CommandEnded: {'returncode': 0}
[2.178079] (sim_msgs) JobProgress: {'identifier': 'sim_msgs', 'progress': 'build'}
[2.179558] (sim_msgs) Command: {'cmd': ['/home/arepo/.local/bin/cmake', '--build', '/home/arepo/vsss_sim/bullet_ws/build/sim_msgs', '--', '-j16', '-l16'], 'cwd': '/home/arepo/vsss_sim/bullet_ws/build/sim_msgs', 'env': OrderedDict([('GJS_DEBUG_TOPICS', 'JS ERROR;JS LOG'), ('PROFILEHOME', ''), ('LESSOPEN', '| /usr/bin/lesspipe %s'), ('LANGUAGE', ''), ('USER', 'arepo'), ('LC_TIME', 'es_MX.UTF-8'), ('XDG_SESSION_TYPE', 'x11'), ('KONSOLE_VERSION', '211203'), ('SHLVL', '1'), ('LD_LIBRARY_PATH', '/home/arepo/vsss_sim/bullet_ws/install/sim_msgs/lib:/home/arepo/vsss/bullet_ws/install/sim_msgs/lib:/usr/local/cuda-12.6/lib64:/usr/lib/x86_64-linux-gnu/gazebo-11/plugins:/opt/ros/humble/opt/rviz_ogre_vendor/lib:/opt/ros/humble/lib/x86_64-linux-gnu:/opt/ros/humble/lib'), ('HOME', '/home/arepo'), ('OLDPWD', '/home/arepo/vsss_sim'), ('DESKTOP_SESSION', 'ubuntu'), ('GIO_LAUNCHED_DESKTOP_FILE', '/usr/share/applications/org.kde.konsole.desktop'), ('ROS_PYTHON_VERSION', '3'), ('GNOME_SHELL_SESSION_MODE', 'ubuntu'), ('SHELL_SESSION_ID', '23dd6b86062b4413bb9ad94b12a83ad6'), ('GTK_MODULES', 'gail:atk-bridge'), ('LC_MONETARY', 'es_MX.UTF-8'), ('KONSOLE_DBUS_SESSION', '/Sessions/4'), ('MANAGERPID', '1615'), ('SYSTEMD_EXEC_PID', '1875'), ('DBUS_SESSION_BUS_ADDRESS', 'unix:path=/run/user/1000/bus'), ('COLORTERM', 'truecolor'), ('GIO_LAUNCHED_DESKTOP_FILE_PID', '3980'), ('KONSOLE_DBUS_WINDOW', '/Windows/1'), ('COLCON_PREFIX_PATH', '/home/arepo/vsss_sim/bullet_ws/install:/home/arepo/vsss/bullet_ws/install'), ('ROS_DISTRO', 'humble'), ('GTK_IM_MODULE', 'ibus'), ('LOGNAME', 'arepo'), ('WINDOWID', '8388615'), ('JOURNAL_STREAM', '8:565'), ('_', '/usr/bin/colcon'), ('ROS_VERSION', '2'), ('XDG_SESSION_CLASS', 'user'), ('COLORFGBG', '15;0'), ('USERNAME', 'arepo'), ('TERM', 'xterm-256color'), ('GNOME_DESKTOP_SESSION_ID', 'this-is-deprecated'), ('ROS_LOCALHOST_ONLY', '0'), ('WINDOWPATH', '2'), ('PATH', '/usr/local/cuda-12.6/bin:/opt/ros/humble/bin:/home/arepo/.local/bin:/home/arepo/bin:/usr/local/sbin:/usr/local/bin:/usr/sbin:/usr/bin:/sbin:/bin:/usr/games:/usr/local/games:/snap/bin:/snap/bin:/home/arepo/.spicetify'), ('SESSION_MANAGER', 'local/arepo-Legion:@/tmp/.ICE-unix/1848,unix/arepo-Legion:/tmp/.ICE-unix/1848'), ('INVOCATION_ID', '9d7b7d3356d3449ab7d7879c887efd98'), ('XDG_MENU_PREFIX', 'gnome-'), ('LC_ADDRESS', 'es_MX.UTF-8'), ('XDG_RUNTIME_DIR', '/run/user/1000'), ('DISPLAY', ':1'), ('LANG', 'en_US.UTF-8'), ('XDG_CURRENT_DESKTOP', 'ubuntu:GNOME'), ('LC_TELEPHONE', 'es_MX.UTF-8'), ('XMODIFIERS', '@im=ibus'), ('XDG_SESSION_DESKTOP', 'ubuntu'), ('XAUTHORITY', '/run/user/1000/gdm/Xauthority'), ('LS_COLORS', 'rs=0:di=01;34:ln=01;36:mh=00:pi=40;33:so=01;35:do=01;35:bd=40;33;01:cd=40;33;01:or=40;31;01:mi=00:su=37;41:sg=30;43:ca=30;41:tw=30;42:ow=34;42:st=37;44:ex=01;32:*.tar=01;31:*.tgz=01;31:*.arc=01;31:*.arj=01;31:*.taz=01;31:*.lha=01;31:*.lz4=01;31:*.lzh=01;31:*.lzma=01;31:*.tlz=01;31:*.txz=01;31:*.tzo=01;31:*.t7z=01;31:*.zip=01;31:*.z=01;31:*.dz=01;31:*.gz=01;31:*.lrz=01;31:*.lz=01;31:*.lzo=01;31:*.xz=01;31:*.zst=01;31:*.tzst=01;31:*.bz2=01;31:*.bz=01;31:*.tbz=01;31:*.tbz2=01;31:*.tz=01;31:*.deb=01;31:*.rpm=01;31:*.jar=01;31:*.war=01;31:*.ear=01;31:*.sar=01;31:*.rar=01;31:*.alz=01;31:*.ace=01;31:*.zoo=01;31:*.cpio=01;31:*.7z=01;31:*.rz=01;31:*.cab=01;31:*.wim=01;31:*.swm=01;31:*.dwm=01;31:*.esd=01;31:*.jpg=01;35:*.jpeg=01;35:*.mjpg=01;35:*.mjpeg=01;35:*.gif=01;35:*.bmp=01;35:*.pbm=01;35:*.pgm=01;35:*.ppm=01;35:*.tga=01;35:*.xbm=01;35:*.xpm=01;35:*.tif=01;35:*.tiff=01;35:*.png=01;35:*.svg=01;35:*.svgz=01;35:*.mng=01;35:*.pcx=01;35:*.mov=01;35:*.mpg=01;35:*.mpeg=01;35:*.m2v=01;35:*.mkv=01;35:*.webm=01;35:*.webp=01;35:*.ogm=01;35:*.mp4=01;35:*.m4v=01;35:*.mp4v=01;35:*.vob=01;35:*.qt=01;35:*.nuv=01;35:*.wmv=01;35:*.asf=01;35:*.rm=01;35:*.rmvb=01;35:*.flc=01;35:*.avi=01;35:*.fli=01;35:*.flv=01;35:*.gl=01;35:*.dl=01;35:*.xcf=01;35:*.xwd=01;35:*.yuv=01;35:*.cgm=01;35:*.emf=01;35:*.ogv=01;35:*.ogx=01;35:*.aac=00;36:*.au=00;36:*.flac=00;36:*.m4a=00;36:*.mid=00;36:*.midi=00;36:*.mka=00;36:*.mp3=00;36:*.mpc=00;36:*.ogg=00;36:*.ra=00;36:*.wav=00;36:*.oga=00;36:*.opus=00;36:*.spx=00;36:*.xspf=00;36:'), ('SSH_AGENT_LAUNCHER', 'gnome-keyring'), ('SSH_AUTH_SOCK', '/run/user/1000/keyring/ssh'), ('ROS_DOMAIN_ID', '10'), ('AMENT_PREFIX_PATH', '/home/arepo/vsss_sim/bullet_ws/install/vision:/home/arepo/vsss_sim/bullet_ws/install/sim:/home/arepo/vsss_sim/bullet_ws/install/sim_msgs:/home/arepo/vsss/bullet_ws/install/vision:/home/arepo/vsss/bullet_ws/install/sim:/home/arepo/vsss/bullet_ws/install/sim_msgs:/opt/ros/humble'), ('SHELL', '/bin/bash'), ('LC_NAME', 'es_MX.UTF-8'), ('QT_ACCESSIBILITY', '1'), ('GDMSESSION', 'ubuntu'), ('LESSCLOSE', '/usr/bin/lesspipe %s %s'), ('KONSOLE_DBUS_SERVICE', ':1.114'), ('LC_MEASUREMENT', 'es_MX.UTF-8'), ('GPG_AGENT_INFO', '/run/user/1000/gnupg/S.gpg-agent:0:1'), ('GJS_DEBUG_OUTPUT', 'stderr'), ('LC_IDENTIFICATION', 'es_MX.UTF-8'), ('QT_IM_MODULE', 'ibus'), ('PWD', '/home/arepo/vsss_sim/bullet_ws/build/sim_msgs'), ('LC_ALL', 'en_US.UTF-8'), ('XDG_CONFIG_DIRS', '/etc/xdg/xdg-ubuntu:/etc/xdg'), ('XDG_DATA_DIRS', '/usr/share/ubuntu:/usr/share/gnome:/usr/local/share/:/usr/share/:/var/lib/snapd/desktop'), ('PYTHONPATH', '/home/arepo/vsss_sim/bullet_ws/install/vision/lib/python3.10/site-packages:/home/arepo/vsss_sim/bullet_ws/install/sim/lib/python3.10/site-packages:/home/arepo/vsss_sim/bullet_ws/install/sim_msgs/local/lib/python3.10/dist-packages:/home/arepo/vsss/bullet_ws/install/vision/lib/python3.10/site-packages:/home/arepo/vsss/bullet_ws/install/sim/lib/python3.10/site-packages:/home/arepo/vsss/bullet_ws/install/sim_msgs/local/lib/python3.10/dist-packages:/opt/ros/humble/lib/python3.10/site-packages:/opt/ros/humble/local/lib/python3.10/dist-packages'), ('LC_NUMERIC', 'es_MX.UTF-8'), ('LC_PAPER', 'es_MX.UTF-8'), ('COLCON', '1'), ('CMAKE_PREFIX_PATH', '/home/arepo/vsss_sim/bullet_ws/install/sim_msgs:/home/arepo/vsss/bullet_ws/install/sim_msgs:/home/arepo/vsss_sim/bullet_ws/install/vision:/home/arepo/vsss_sim/bullet_ws/install/sim:/home/arepo/vsss/bullet_ws/install/vision:/home/arepo/vsss/bullet_ws/install/sim:/opt/ros/humble')]), 'shell': False}
[2.203701] (-) TimerEvent: {}
[2.257058] (sim_msgs) StdoutLine: {'line': b'[  1%] \x1b[1m\x1b[34mGenerating C code for ROS interfaces\x1b[0m\n'}
[2.262503] (sim_msgs) StdoutLine: {'line': b'[  2%] \x1b[1m\x1b[34mGenerating C++ code for ROS interfaces\x1b[0m\n'}
[2.265628] (sim_msgs) StdoutLine: {'line': b'[  2%] \x1b[0mBuilt target ament_cmake_python_copy_sim_msgs\x1b[0m\n'}
[2.303840] (-) TimerEvent: {}
[2.404175] (-) TimerEvent: {}
[2.441868] (sim_msgs) StdoutLine: {'line': b'running egg_info\n'}
[2.442537] (sim_msgs) StdoutLine: {'line': b'creating sim_msgs.egg-info\n'}
[2.458241] (sim_msgs) StdoutLine: {'line': b'writing sim_msgs.egg-info/PKG-INFO\n'}
[2.458582] (sim_msgs) StdoutLine: {'line': b'writing dependency_links to sim_msgs.egg-info/dependency_links.txt\n'}
[2.458788] (sim_msgs) StdoutLine: {'line': b'writing top-level names to sim_msgs.egg-info/top_level.txt\n'}
[2.458890] (sim_msgs) StdoutLine: {'line': b"writing manifest file 'sim_msgs.egg-info/SOURCES.txt'\n"}
[2.504265] (-) TimerEvent: {}
[2.506269] (sim_msgs) StdoutLine: {'line': b"reading manifest file 'sim_msgs.egg-info/SOURCES.txt'\n"}
[2.506739] (sim_msgs) StdoutLine: {'line': b"writing manifest file 'sim_msgs.egg-info/SOURCES.txt'\n"}
[2.525971] (sim_msgs) StdoutLine: {'line': b'[  2%] \x1b[0mBuilt target ament_cmake_python_build_sim_msgs_egg\x1b[0m\n'}
[2.604413] (-) TimerEvent: {}
[2.681557] (sim_msgs) StdoutLine: {'line': b'[  2%] \x1b[0mBuilt target sim_msgs__cpp\x1b[0m\n'}
[2.686424] (sim_msgs) StdoutLine: {'line': b'[  5%] \x1b[1m\x1b[34mGenerating C++ type support for eProsima Fast-RTPS\x1b[0m\n'}
[2.686656] (sim_msgs) StdoutLine: {'line': b'[  5%] \x1b[1m\x1b[34mGenerating C++ introspection for ROS interfaces\x1b[0m\n'}
[2.686792] (sim_msgs) StdoutLine: {'line': b'[  6%] \x1b[1m\x1b[34mGenerating C++ type support dispatch for ROS interfaces\x1b[0m\n'}
[2.691822] (sim_msgs) StdoutLine: {'line': b'[  7%] \x1b[32mBuilding C object CMakeFiles/sim_msgs__rosidl_generator_c.dir/rosidl_generator_c/sim_msgs/msg/detail/low_cmd__functions.c.o\x1b[0m\n'}
[2.692090] (sim_msgs) StdoutLine: {'line': b'[ 10%] \x1b[32mBuilding C object CMakeFiles/sim_msgs__rosidl_generator_c.dir/rosidl_generator_c/sim_msgs/msg/detail/settings__functions.c.o\x1b[0m\n'}
[2.692199] (sim_msgs) StdoutLine: {'line': b'[ 10%] \x1b[32mBuilding C object CMakeFiles/sim_msgs__rosidl_generator_c.dir/rosidl_generator_c/sim_msgs/msg/detail/high_cmd__functions.c.o\x1b[0m\n'}
[2.692505] (sim_msgs) StdoutLine: {'line': b'[ 11%] \x1b[32mBuilding C object CMakeFiles/sim_msgs__rosidl_generator_c.dir/rosidl_generator_c/sim_msgs/msg/detail/obj_data__functions.c.o\x1b[0m\n'}
[2.692637] (sim_msgs) StdoutLine: {'line': b'[ 12%] \x1b[32mBuilding C object CMakeFiles/sim_msgs__rosidl_generator_c.dir/rosidl_generator_c/sim_msgs/msg/detail/field_data__functions.c.o\x1b[0m\n'}
[2.692939] (sim_msgs) StdoutLine: {'line': b'[ 13%] \x1b[32mBuilding C object CMakeFiles/sim_msgs__rosidl_generator_c.dir/rosidl_generator_c/sim_msgs/srv/detail/controller__functions.c.o\x1b[0m\n'}
[2.693668] (sim_msgs) StdoutLine: {'line': b'[ 15%] \x1b[32mBuilding C object CMakeFiles/sim_msgs__rosidl_generator_c.dir/rosidl_generator_c/sim_msgs/srv/detail/reset__functions.c.o\x1b[0m\n'}
[2.704521] (-) TimerEvent: {}
[2.741261] (sim_msgs) StdoutLine: {'line': b'[ 16%] \x1b[1m\x1b[32mLinking C shared library libsim_msgs__rosidl_generator_c.so\x1b[0m\n'}
[2.767887] (sim_msgs) StdoutLine: {'line': b'[ 16%] \x1b[0mBuilt target sim_msgs__rosidl_generator_c\x1b[0m\n'}
[2.772984] (sim_msgs) StdoutLine: {'line': b'[ 20%] \x1b[1m\x1b[34mGenerating C introspection for ROS interfaces\x1b[0m\n'}
[2.773144] (sim_msgs) StdoutLine: {'line': b'[ 20%] \x1b[1m\x1b[34mGenerating C type support for eProsima Fast-RTPS\x1b[0m\n'}
[2.773224] (sim_msgs) StdoutLine: {'line': b'[ 20%] \x1b[1m\x1b[34mGenerating C type support dispatch for ROS interfaces\x1b[0m\n'}
[2.804619] (-) TimerEvent: {}
[2.904894] (-) TimerEvent: {}
[2.986539] (sim_msgs) StdoutLine: {'line': b'[ 21%] \x1b[32mBuilding CXX object CMakeFiles/sim_msgs__rosidl_typesupport_cpp.dir/rosidl_typesupport_cpp/sim_msgs/msg/obj_data__type_support.cpp.o\x1b[0m\n'}
[2.986852] (sim_msgs) StdoutLine: {'line': b'[ 22%] \x1b[32mBuilding CXX object CMakeFiles/sim_msgs__rosidl_typesupport_cpp.dir/rosidl_typesupport_cpp/sim_msgs/msg/low_cmd__type_support.cpp.o\x1b[0m\n'}
[2.986977] (sim_msgs) StdoutLine: {'line': b'[ 24%] \x1b[32mBuilding CXX object CMakeFiles/sim_msgs__rosidl_typesupport_cpp.dir/rosidl_typesupport_cpp/sim_msgs/msg/settings__type_support.cpp.o\x1b[0m\n'}
[2.987104] (sim_msgs) StdoutLine: {'line': b'[ 26%] \x1b[32mBuilding CXX object CMakeFiles/sim_msgs__rosidl_typesupport_cpp.dir/rosidl_typesupport_cpp/sim_msgs/msg/high_cmd__type_support.cpp.o\x1b[0m\n'}
[2.987190] (sim_msgs) StdoutLine: {'line': b'[ 26%] \x1b[32mBuilding CXX object CMakeFiles/sim_msgs__rosidl_typesupport_cpp.dir/rosidl_typesupport_cpp/sim_msgs/msg/field_data__type_support.cpp.o\x1b[0m\n'}
[2.987933] (sim_msgs) StdoutLine: {'line': b'[ 29%] \x1b[32mBuilding CXX object CMakeFiles/sim_msgs__rosidl_typesupport_cpp.dir/rosidl_typesupport_cpp/sim_msgs/srv/reset__type_support.cpp.o\x1b[0m\n'}
[2.988066] (sim_msgs) StdoutLine: {'line': b'[ 29%] \x1b[32mBuilding CXX object CMakeFiles/sim_msgs__rosidl_typesupport_cpp.dir/rosidl_typesupport_cpp/sim_msgs/srv/controller__type_support.cpp.o\x1b[0m\n'}
[3.004999] (-) TimerEvent: {}
[3.086201] (sim_msgs) StdoutLine: {'line': b'[ 32%] \x1b[32mBuilding CXX object CMakeFiles/sim_msgs__rosidl_typesupport_introspection_cpp.dir/rosidl_typesupport_introspection_cpp/sim_msgs/msg/detail/high_cmd__type_support.cpp.o\x1b[0m\n'}
[3.086992] (sim_msgs) StdoutLine: {'line': b'[ 32%] \x1b[32mBuilding CXX object CMakeFiles/sim_msgs__rosidl_typesupport_introspection_cpp.dir/rosidl_typesupport_introspection_cpp/sim_msgs/msg/detail/obj_data__type_support.cpp.o\x1b[0m\n'}
[3.087219] (sim_msgs) StdoutLine: {'line': b'[ 32%] \x1b[32mBuilding CXX object CMakeFiles/sim_msgs__rosidl_typesupport_introspection_cpp.dir/rosidl_typesupport_introspection_cpp/sim_msgs/msg/detail/low_cmd__type_support.cpp.o\x1b[0m\n'}
[3.087338] (sim_msgs) StdoutLine: {'line': b'[ 34%] \x1b[32mBuilding CXX object CMakeFiles/sim_msgs__rosidl_typesupport_introspection_cpp.dir/rosidl_typesupport_introspection_cpp/sim_msgs/msg/detail/field_data__type_support.cpp.o\x1b[0m\n'}
[3.087459] (sim_msgs) StdoutLine: {'line': b'[ 35%] \x1b[32mBuilding CXX object CMakeFiles/sim_msgs__rosidl_typesupport_introspection_cpp.dir/rosidl_typesupport_introspection_cpp/sim_msgs/msg/detail/settings__type_support.cpp.o\x1b[0m\n'}
[3.105601] (-) TimerEvent: {}
[3.139184] (sim_msgs) StdoutLine: {'line': b'[ 36%] \x1b[32mBuilding CXX object CMakeFiles/sim_msgs__rosidl_typesupport_c.dir/rosidl_typesupport_c/sim_msgs/msg/low_cmd__type_support.cpp.o\x1b[0m\n'}
[3.183465] (sim_msgs) StdoutLine: {'line': b'[ 37%] \x1b[32mBuilding CXX object CMakeFiles/sim_msgs__rosidl_typesupport_c.dir/rosidl_typesupport_c/sim_msgs/msg/high_cmd__type_support.cpp.o\x1b[0m\n'}
[3.205724] (-) TimerEvent: {}
[3.219540] (sim_msgs) StdoutLine: {'line': b'[ 39%] \x1b[32mBuilding CXX object CMakeFiles/sim_msgs__rosidl_typesupport_c.dir/rosidl_typesupport_c/sim_msgs/msg/obj_data__type_support.cpp.o\x1b[0m\n'}
[3.252411] (sim_msgs) StdoutLine: {'line': b'[ 40%] \x1b[32mBuilding CXX object CMakeFiles/sim_msgs__rosidl_typesupport_c.dir/rosidl_typesupport_c/sim_msgs/msg/field_data__type_support.cpp.o\x1b[0m\n'}
[3.261640] (sim_msgs) StdoutLine: {'line': b'[ 41%] \x1b[32mBuilding C object CMakeFiles/sim_msgs__rosidl_typesupport_introspection_c.dir/rosidl_typesupport_introspection_c/sim_msgs/msg/detail/low_cmd__type_support.c.o\x1b[0m\n'}
[3.268306] (sim_msgs) StdoutLine: {'line': b'[ 43%] \x1b[32mBuilding CXX object CMakeFiles/sim_msgs__rosidl_typesupport_fastrtps_cpp.dir/rosidl_typesupport_fastrtps_cpp/sim_msgs/msg/detail/dds_fastrtps/low_cmd__type_support.cpp.o\x1b[0m\n'}
[3.289335] (sim_msgs) StdoutLine: {'line': b'[ 44%] \x1b[32mBuilding CXX object CMakeFiles/sim_msgs__rosidl_typesupport_c.dir/rosidl_typesupport_c/sim_msgs/msg/settings__type_support.cpp.o\x1b[0m\n'}
[3.301170] (sim_msgs) StdoutLine: {'line': b'[ 46%] \x1b[32mBuilding CXX object CMakeFiles/sim_msgs__rosidl_typesupport_introspection_cpp.dir/rosidl_typesupport_introspection_cpp/sim_msgs/srv/detail/controller__type_support.cpp.o\x1b[0m\n'}
[3.301495] (sim_msgs) StdoutLine: {'line': b'[ 46%] \x1b[32mBuilding CXX object CMakeFiles/sim_msgs__rosidl_typesupport_fastrtps_cpp.dir/rosidl_typesupport_fastrtps_cpp/sim_msgs/msg/detail/dds_fastrtps/high_cmd__type_support.cpp.o\x1b[0m\n'}
[3.305876] (-) TimerEvent: {}
[3.306699] (sim_msgs) StdoutLine: {'line': b'[ 48%] \x1b[32mBuilding C object CMakeFiles/sim_msgs__rosidl_typesupport_introspection_c.dir/rosidl_typesupport_introspection_c/sim_msgs/msg/detail/high_cmd__type_support.c.o\x1b[0m\n'}
[3.310811] (sim_msgs) StdoutLine: {'line': b'[ 49%] \x1b[32mBuilding CXX object CMakeFiles/sim_msgs__rosidl_typesupport_fastrtps_cpp.dir/rosidl_typesupport_fastrtps_cpp/sim_msgs/msg/detail/dds_fastrtps/obj_data__type_support.cpp.o\x1b[0m\n'}
[3.326370] (sim_msgs) StdoutLine: {'line': b'[ 50%] \x1b[32mBuilding CXX object CMakeFiles/sim_msgs__rosidl_typesupport_c.dir/rosidl_typesupport_c/sim_msgs/srv/controller__type_support.cpp.o\x1b[0m\n'}
[3.341480] (sim_msgs) StdoutLine: {'line': b'[ 51%] \x1b[32mBuilding C object CMakeFiles/sim_msgs__rosidl_typesupport_introspection_c.dir/rosidl_typesupport_introspection_c/sim_msgs/msg/detail/obj_data__type_support.c.o\x1b[0m\n'}
[3.346993] (sim_msgs) StdoutLine: {'line': b'[ 54%] \x1b[32mBuilding CXX object CMakeFiles/sim_msgs__rosidl_typesupport_introspection_cpp.dir/rosidl_typesupport_introspection_cpp/sim_msgs/srv/detail/reset__type_support.cpp.o\x1b[0m\n'}
[3.347287] (sim_msgs) StdoutLine: {'line': b'[ 54%] \x1b[32mBuilding CXX object CMakeFiles/sim_msgs__rosidl_typesupport_c.dir/rosidl_typesupport_c/sim_msgs/srv/reset__type_support.cpp.o\x1b[0m\n'}
[3.350597] (sim_msgs) StdoutLine: {'line': b'[ 55%] \x1b[32mBuilding CXX object CMakeFiles/sim_msgs__rosidl_typesupport_fastrtps_cpp.dir/rosidl_typesupport_fastrtps_cpp/sim_msgs/msg/detail/dds_fastrtps/field_data__type_support.cpp.o\x1b[0m\n'}
[3.351161] (sim_msgs) StdoutLine: {'line': b'[ 56%] \x1b[1m\x1b[32mLinking CXX shared library libsim_msgs__rosidl_typesupport_cpp.so\x1b[0m\n'}
[3.366573] (sim_msgs) StdoutLine: {'line': b'[ 58%] \x1b[32mBuilding CXX object CMakeFiles/sim_msgs__rosidl_typesupport_fastrtps_cpp.dir/rosidl_typesupport_fastrtps_cpp/sim_msgs/msg/detail/dds_fastrtps/settings__type_support.cpp.o\x1b[0m\n'}
[3.378129] (sim_msgs) StdoutLine: {'line': b'[ 59%] \x1b[32mBuilding CXX object CMakeFiles/sim_msgs__rosidl_typesupport_fastrtps_c.dir/rosidl_typesupport_fastrtps_c/sim_msgs/msg/detail/low_cmd__type_support_c.cpp.o\x1b[0m\n'}
[3.383492] (sim_msgs) StdoutLine: {'line': b'[ 60%] \x1b[32mBuilding C object CMakeFiles/sim_msgs__rosidl_typesupport_introspection_c.dir/rosidl_typesupport_introspection_c/sim_msgs/msg/detail/field_data__type_support.c.o\x1b[0m\n'}
[3.385731] (sim_msgs) StdoutLine: {'line': b'[ 62%] \x1b[1m\x1b[32mLinking CXX shared library libsim_msgs__rosidl_typesupport_c.so\x1b[0m\n'}
[3.400370] (sim_msgs) StdoutLine: {'line': b'[ 62%] \x1b[0mBuilt target sim_msgs__rosidl_typesupport_cpp\x1b[0m\n'}
[3.406529] (-) TimerEvent: {}
[3.407958] (sim_msgs) StdoutLine: {'line': b'[ 63%] \x1b[32mBuilding CXX object CMakeFiles/sim_msgs__rosidl_typesupport_fastrtps_c.dir/rosidl_typesupport_fastrtps_c/sim_msgs/msg/detail/high_cmd__type_support_c.cpp.o\x1b[0m\n'}
[3.427587] (sim_msgs) StdoutLine: {'line': b'[ 64%] \x1b[32mBuilding C object CMakeFiles/sim_msgs__rosidl_typesupport_introspection_c.dir/rosidl_typesupport_introspection_c/sim_msgs/msg/detail/settings__type_support.c.o\x1b[0m\n'}
[3.435971] (sim_msgs) StdoutLine: {'line': b'[ 64%] \x1b[0mBuilt target sim_msgs__rosidl_typesupport_c\x1b[0m\n'}
[3.441847] (sim_msgs) StdoutLine: {'line': b'[ 65%] \x1b[32mBuilding CXX object CMakeFiles/sim_msgs__rosidl_typesupport_fastrtps_c.dir/rosidl_typesupport_fastrtps_c/sim_msgs/msg/detail/obj_data__type_support_c.cpp.o\x1b[0m\n'}
[3.472024] (sim_msgs) StdoutLine: {'line': b'[ 67%] \x1b[32mBuilding C object CMakeFiles/sim_msgs__rosidl_typesupport_introspection_c.dir/rosidl_typesupport_introspection_c/sim_msgs/srv/detail/controller__type_support.c.o\x1b[0m\n'}
[3.509487] (-) TimerEvent: {}
[3.522521] (sim_msgs) StdoutLine: {'line': b'[ 68%] \x1b[32mBuilding C object CMakeFiles/sim_msgs__rosidl_typesupport_introspection_c.dir/rosidl_typesupport_introspection_c/sim_msgs/srv/detail/reset__type_support.c.o\x1b[0m\n'}
[3.566831] (sim_msgs) StdoutLine: {'line': b'[ 69%] \x1b[1m\x1b[32mLinking C shared library libsim_msgs__rosidl_typesupport_introspection_c.so\x1b[0m\n'}
[3.608514] (sim_msgs) StdoutLine: {'line': b'[ 69%] \x1b[0mBuilt target sim_msgs__rosidl_typesupport_introspection_c\x1b[0m\n'}
[3.608941] (sim_msgs) StdoutLine: {'line': b'[ 70%] \x1b[32mBuilding CXX object CMakeFiles/sim_msgs__rosidl_typesupport_fastrtps_cpp.dir/rosidl_typesupport_fastrtps_cpp/sim_msgs/srv/detail/dds_fastrtps/controller__type_support.cpp.o\x1b[0m\n'}
[3.609575] (-) TimerEvent: {}
[3.611834] (sim_msgs) StdoutLine: {'line': b'[ 72%] \x1b[32mBuilding CXX object CMakeFiles/sim_msgs__rosidl_typesupport_fastrtps_c.dir/rosidl_typesupport_fastrtps_c/sim_msgs/msg/detail/field_data__type_support_c.cpp.o\x1b[0m\n'}
[3.612700] (sim_msgs) StdoutLine: {'line': b'[ 73%] \x1b[32mBuilding CXX object CMakeFiles/sim_msgs__rosidl_typesupport_fastrtps_cpp.dir/rosidl_typesupport_fastrtps_cpp/sim_msgs/srv/detail/dds_fastrtps/reset__type_support.cpp.o\x1b[0m\n'}
[3.617224] (sim_msgs) StdoutLine: {'line': b'[ 74%] \x1b[32mBuilding CXX object CMakeFiles/sim_msgs__rosidl_typesupport_fastrtps_c.dir/rosidl_typesupport_fastrtps_c/sim_msgs/msg/detail/settings__type_support_c.cpp.o\x1b[0m\n'}
[3.631569] (sim_msgs) StdoutLine: {'line': b'[ 75%] \x1b[32mBuilding CXX object CMakeFiles/sim_msgs__rosidl_typesupport_fastrtps_c.dir/rosidl_typesupport_fastrtps_c/sim_msgs/srv/detail/controller__type_support_c.cpp.o\x1b[0m\n'}
[3.632244] (sim_msgs) StdoutLine: {'line': b'[ 77%] \x1b[32mBuilding CXX object CMakeFiles/sim_msgs__rosidl_typesupport_fastrtps_c.dir/rosidl_typesupport_fastrtps_c/sim_msgs/srv/detail/reset__type_support_c.cpp.o\x1b[0m\n'}
[3.709722] (-) TimerEvent: {}
[3.810217] (-) TimerEvent: {}
[3.876179] (sim_msgs) StdoutLine: {'line': b'[ 78%] \x1b[1m\x1b[32mLinking CXX shared library libsim_msgs__rosidl_typesupport_introspection_cpp.so\x1b[0m\n'}
[3.910365] (-) TimerEvent: {}
[3.934883] (sim_msgs) StdoutLine: {'line': b'[ 78%] \x1b[0mBuilt target sim_msgs__rosidl_typesupport_introspection_cpp\x1b[0m\n'}
[4.010494] (-) TimerEvent: {}
[4.016700] (sim_msgs) StdoutLine: {'line': b'[ 79%] \x1b[1m\x1b[32mLinking CXX shared library libsim_msgs__rosidl_typesupport_fastrtps_c.so\x1b[0m\n'}
[4.052684] (sim_msgs) StdoutLine: {'line': b'[ 81%] \x1b[1m\x1b[32mLinking CXX shared library libsim_msgs__rosidl_typesupport_fastrtps_cpp.so\x1b[0m\n'}
[4.081344] (sim_msgs) StdoutLine: {'line': b'[ 81%] \x1b[0mBuilt target sim_msgs__rosidl_typesupport_fastrtps_c\x1b[0m\n'}
[4.109283] (sim_msgs) StdoutLine: {'line': b'[ 81%] \x1b[0mBuilt target sim_msgs__rosidl_typesupport_fastrtps_cpp\x1b[0m\n'}
[4.110568] (-) TimerEvent: {}
[4.120168] (sim_msgs) StdoutLine: {'line': b'[ 81%] \x1b[0mBuilt target sim_msgs\x1b[0m\n'}
[4.132845] (sim_msgs) StdoutLine: {'line': b'[ 82%] \x1b[1m\x1b[34mGenerating Python code for ROS interfaces\x1b[0m\n'}
[4.210701] (-) TimerEvent: {}
[4.311064] (-) TimerEvent: {}
[4.411374] (-) TimerEvent: {}
[4.511696] (-) TimerEvent: {}
[4.612271] (-) TimerEvent: {}
[4.712563] (-) TimerEvent: {}
[4.797743] (sim_msgs) StdoutLine: {'line': b'[ 82%] \x1b[0mBuilt target sim_msgs__py\x1b[0m\n'}
[4.808859] (sim_msgs) StdoutLine: {'line': b'[ 84%] \x1b[32mBuilding C object CMakeFiles/sim_msgs__rosidl_generator_py.dir/rosidl_generator_py/sim_msgs/msg/_low_cmd_s.c.o\x1b[0m\n'}
[4.809072] (sim_msgs) StdoutLine: {'line': b'[ 84%] \x1b[32mBuilding C object CMakeFiles/sim_msgs__rosidl_generator_py.dir/rosidl_generator_py/sim_msgs/msg/_high_cmd_s.c.o\x1b[0m\n'}
[4.809189] (sim_msgs) StdoutLine: {'line': b'[ 88%] \x1b[32mBuilding C object CMakeFiles/sim_msgs__rosidl_generator_py.dir/rosidl_generator_py/sim_msgs/msg/_obj_data_s.c.o\x1b[0m\n'}
[4.809244] (sim_msgs) StdoutLine: {'line': b'[ 88%] \x1b[32mBuilding C object CMakeFiles/sim_msgs__rosidl_generator_py.dir/rosidl_generator_py/sim_msgs/msg/_settings_s.c.o\x1b[0m\n'}
[4.809319] (sim_msgs) StdoutLine: {'line': b'[ 88%] \x1b[32mBuilding C object CMakeFiles/sim_msgs__rosidl_generator_py.dir/rosidl_generator_py/sim_msgs/srv/_controller_s.c.o\x1b[0m\n'}
[4.809362] (sim_msgs) StdoutLine: {'line': b'[ 89%] \x1b[32mBuilding C object CMakeFiles/sim_msgs__rosidl_generator_py.dir/rosidl_generator_py/sim_msgs/msg/_field_data_s.c.o\x1b[0m\n'}
[4.809670] (sim_msgs) StdoutLine: {'line': b'[ 91%] \x1b[32mBuilding C object CMakeFiles/sim_msgs__rosidl_generator_py.dir/rosidl_generator_py/sim_msgs/srv/_reset_s.c.o\x1b[0m\n'}
[4.812668] (-) TimerEvent: {}
[4.889172] (sim_msgs) StdoutLine: {'line': b'[ 92%] \x1b[1m\x1b[32mLinking C shared library rosidl_generator_py/sim_msgs/libsim_msgs__rosidl_generator_py.so\x1b[0m\n'}
[4.912770] (-) TimerEvent: {}
[4.917760] (sim_msgs) StdoutLine: {'line': b'[ 92%] \x1b[0mBuilt target sim_msgs__rosidl_generator_py\x1b[0m\n'}
[4.927660] (sim_msgs) StdoutLine: {'line': b'[ 94%] \x1b[32mBuilding C object CMakeFiles/sim_msgs__rosidl_typesupport_introspection_c__pyext.dir/rosidl_generator_py/sim_msgs/_sim_msgs_s.ep.rosidl_typesupport_introspection_c.c.o\x1b[0m\n'}
[4.927833] (sim_msgs) StdoutLine: {'line': b'[ 94%] \x1b[32mBuilding C object CMakeFiles/sim_msgs__rosidl_typesupport_fastrtps_c__pyext.dir/rosidl_generator_py/sim_msgs/_sim_msgs_s.ep.rosidl_typesupport_fastrtps_c.c.o\x1b[0m\n'}
[4.927942] (sim_msgs) StdoutLine: {'line': b'[ 96%] \x1b[32mBuilding C object CMakeFiles/sim_msgs__rosidl_typesupport_c__pyext.dir/rosidl_generator_py/sim_msgs/_sim_msgs_s.ep.rosidl_typesupport_c.c.o\x1b[0m\n'}
[5.007822] (sim_msgs) StdoutLine: {'line': b'[ 97%] \x1b[1m\x1b[32mLinking C shared library rosidl_generator_py/sim_msgs/sim_msgs_s__rosidl_typesupport_c.cpython-310-x86_64-linux-gnu.so\x1b[0m\n'}
[5.009319] (sim_msgs) StdoutLine: {'line': b'[ 98%] \x1b[1m\x1b[32mLinking C shared library rosidl_generator_py/sim_msgs/sim_msgs_s__rosidl_typesupport_introspection_c.cpython-310-x86_64-linux-gnu.so\x1b[0m\n'}
[5.012427] (sim_msgs) StdoutLine: {'line': b'[100%] \x1b[1m\x1b[32mLinking C shared library rosidl_generator_py/sim_msgs/sim_msgs_s__rosidl_typesupport_fastrtps_c.cpython-310-x86_64-linux-gnu.so\x1b[0m\n'}
[5.012852] (-) TimerEvent: {}
[5.028184] (sim_msgs) StdoutLine: {'line': b'[100%] \x1b[0mBuilt target sim_msgs__rosidl_typesupport_c__pyext\x1b[0m\n'}
[5.029525] (sim_msgs) StdoutLine: {'line': b'[100%] \x1b[0mBuilt target sim_msgs__rosidl_typesupport_introspection_c__pyext\x1b[0m\n'}
[5.035178] (sim_msgs) StdoutLine: {'line': b'[100%] \x1b[0mBuilt target sim_msgs__rosidl_typesupport_fastrtps_c__pyext\x1b[0m\n'}
[5.043289] (sim_msgs) CommandEnded: {'returncode': 0}
[5.043974] (sim_msgs) JobProgress: {'identifier': 'sim_msgs', 'progress': 'install'}
[5.106626] (sim_msgs) Command: {'cmd': ['/home/arepo/.local/bin/cmake', '--install', '/home/arepo/vsss_sim/bullet_ws/build/sim_msgs'], 'cwd': '/home/arepo/vsss_sim/bullet_ws/build/sim_msgs', 'env': OrderedDict([('GJS_DEBUG_TOPICS', 'JS ERROR;JS LOG'), ('PROFILEHOME', ''), ('LESSOPEN', '| /usr/bin/lesspipe %s'), ('LANGUAGE', ''), ('USER', 'arepo'), ('LC_TIME', 'es_MX.UTF-8'), ('XDG_SESSION_TYPE', 'x11'), ('KONSOLE_VERSION', '211203'), ('SHLVL', '1'), ('LD_LIBRARY_PATH', '/home/arepo/vsss_sim/bullet_ws/install/sim_msgs/lib:/home/arepo/vsss/bullet_ws/install/sim_msgs/lib:/usr/local/cuda-12.6/lib64:/usr/lib/x86_64-linux-gnu/gazebo-11/plugins:/opt/ros/humble/opt/rviz_ogre_vendor/lib:/opt/ros/humble/lib/x86_64-linux-gnu:/opt/ros/humble/lib'), ('HOME', '/home/arepo'), ('OLDPWD', '/home/arepo/vsss_sim'), ('DESKTOP_SESSION', 'ubuntu'), ('GIO_LAUNCHED_DESKTOP_FILE', '/usr/share/applications/org.kde.konsole.desktop'), ('ROS_PYTHON_VERSION', '3'), ('GNOME_SHELL_SESSION_MODE', 'ubuntu'), ('SHELL_SESSION_ID', '23dd6b86062b4413bb9ad94b12a83ad6'), ('GTK_MODULES', 'gail:atk-bridge'), ('LC_MONETARY', 'es_MX.UTF-8'), ('KONSOLE_DBUS_SESSION', '/Sessions/4'), ('MANAGERPID', '1615'), ('SYSTEMD_EXEC_PID', '1875'), ('DBUS_SESSION_BUS_ADDRESS', 'unix:path=/run/user/1000/bus'), ('COLORTERM', 'truecolor'), ('GIO_LAUNCHED_DESKTOP_FILE_PID', '3980'), ('KONSOLE_DBUS_WINDOW', '/Windows/1'), ('COLCON_PREFIX_PATH', '/home/arepo/vsss_sim/bullet_ws/install:/home/arepo/vsss/bullet_ws/install'), ('ROS_DISTRO', 'humble'), ('GTK_IM_MODULE', 'ibus'), ('LOGNAME', 'arepo'), ('WINDOWID', '8388615'), ('JOURNAL_STREAM', '8:565'), ('_', '/usr/bin/colcon'), ('ROS_VERSION', '2'), ('XDG_SESSION_CLASS', 'user'), ('COLORFGBG', '15;0'), ('USERNAME', 'arepo'), ('TERM', 'xterm-256color'), ('GNOME_DESKTOP_SESSION_ID', 'this-is-deprecated'), ('ROS_LOCALHOST_ONLY', '0'), ('WINDOWPATH', '2'), ('PATH', '/usr/local/cuda-12.6/bin:/opt/ros/humble/bin:/home/arepo/.local/bin:/home/arepo/bin:/usr/local/sbin:/usr/local/bin:/usr/sbin:/usr/bin:/sbin:/bin:/usr/games:/usr/local/games:/snap/bin:/snap/bin:/home/arepo/.spicetify'), ('SESSION_MANAGER', 'local/arepo-Legion:@/tmp/.ICE-unix/1848,unix/arepo-Legion:/tmp/.ICE-unix/1848'), ('INVOCATION_ID', '9d7b7d3356d3449ab7d7879c887efd98'), ('XDG_MENU_PREFIX', 'gnome-'), ('LC_ADDRESS', 'es_MX.UTF-8'), ('XDG_RUNTIME_DIR', '/run/user/1000'), ('DISPLAY', ':1'), ('LANG', 'en_US.UTF-8'), ('XDG_CURRENT_DESKTOP', 'ubuntu:GNOME'), ('LC_TELEPHONE', 'es_MX.UTF-8'), ('XMODIFIERS', '@im=ibus'), ('XDG_SESSION_DESKTOP', 'ubuntu'), ('XAUTHORITY', '/run/user/1000/gdm/Xauthority'), ('LS_COLORS', 'rs=0:di=01;34:ln=01;36:mh=00:pi=40;33:so=01;35:do=01;35:bd=40;33;01:cd=40;33;01:or=40;31;01:mi=00:su=37;41:sg=30;43:ca=30;41:tw=30;42:ow=34;42:st=37;44:ex=01;32:*.tar=01;31:*.tgz=01;31:*.arc=01;31:*.arj=01;31:*.taz=01;31:*.lha=01;31:*.lz4=01;31:*.lzh=01;31:*.lzma=01;31:*.tlz=01;31:*.txz=01;31:*.tzo=01;31:*.t7z=01;31:*.zip=01;31:*.z=01;31:*.dz=01;31:*.gz=01;31:*.lrz=01;31:*.lz=01;31:*.lzo=01;31:*.xz=01;31:*.zst=01;31:*.tzst=01;31:*.bz2=01;31:*.bz=01;31:*.tbz=01;31:*.tbz2=01;31:*.tz=01;31:*.deb=01;31:*.rpm=01;31:*.jar=01;31:*.war=01;31:*.ear=01;31:*.sar=01;31:*.rar=01;31:*.alz=01;31:*.ace=01;31:*.zoo=01;31:*.cpio=01;31:*.7z=01;31:*.rz=01;31:*.cab=01;31:*.wim=01;31:*.swm=01;31:*.dwm=01;31:*.esd=01;31:*.jpg=01;35:*.jpeg=01;35:*.mjpg=01;35:*.mjpeg=01;35:*.gif=01;35:*.bmp=01;35:*.pbm=01;35:*.pgm=01;35:*.ppm=01;35:*.tga=01;35:*.xbm=01;35:*.xpm=01;35:*.tif=01;35:*.tiff=01;35:*.png=01;35:*.svg=01;35:*.svgz=01;35:*.mng=01;35:*.pcx=01;35:*.mov=01;35:*.mpg=01;35:*.mpeg=01;35:*.m2v=01;35:*.mkv=01;35:*.webm=01;35:*.webp=01;35:*.ogm=01;35:*.mp4=01;35:*.m4v=01;35:*.mp4v=01;35:*.vob=01;35:*.qt=01;35:*.nuv=01;35:*.wmv=01;35:*.asf=01;35:*.rm=01;35:*.rmvb=01;35:*.flc=01;35:*.avi=01;35:*.fli=01;35:*.flv=01;35:*.gl=01;35:*.dl=01;35:*.xcf=01;35:*.xwd=01;35:*.yuv=01;35:*.cgm=01;35:*.emf=01;35:*.ogv=01;35:*.ogx=01;35:*.aac=00;36:*.au=00;36:*.flac=00;36:*.m4a=00;36:*.mid=00;36:*.midi=00;36:*.mka=00;36:*.mp3=00;36:*.mpc=00;36:*.ogg=00;36:*.ra=00;36:*.wav=00;36:*.oga=00;36:*.opus=00;36:*.spx=00;36:*.xspf=00;36:'), ('SSH_AGENT_LAUNCHER', 'gnome-keyring'), ('SSH_AUTH_SOCK', '/run/user/1000/keyring/ssh'), ('ROS_DOMAIN_ID', '10'), ('AMENT_PREFIX_PATH', '/home/arepo/vsss_sim/bullet_ws/install/vision:/home/arepo/vsss_sim/bullet_ws/install/sim:/home/arepo/vsss_sim/bullet_ws/install/sim_msgs:/home/arepo/vsss/bullet_ws/install/vision:/home/arepo/vsss/bullet_ws/install/sim:/home/arepo/vsss/bullet_ws/install/sim_msgs:/opt/ros/humble'), ('SHELL', '/bin/bash'), ('LC_NAME', 'es_MX.UTF-8'), ('QT_ACCESSIBILITY', '1'), ('GDMSESSION', 'ubuntu'), ('LESSCLOSE', '/usr/bin/lesspipe %s %s'), ('KONSOLE_DBUS_SERVICE', ':1.114'), ('LC_MEASUREMENT', 'es_MX.UTF-8'), ('GPG_AGENT_INFO', '/run/user/1000/gnupg/S.gpg-agent:0:1'), ('GJS_DEBUG_OUTPUT', 'stderr'), ('LC_IDENTIFICATION', 'es_MX.UTF-8'), ('QT_IM_MODULE', 'ibus'), ('PWD', '/home/arepo/vsss_sim/bullet_ws/build/sim_msgs'), ('LC_ALL', 'en_US.UTF-8'), ('XDG_CONFIG_DIRS', '/etc/xdg/xdg-ubuntu:/etc/xdg'), ('XDG_DATA_DIRS', '/usr/share/ubuntu:/usr/share/gnome:/usr/local/share/:/usr/share/:/var/lib/snapd/desktop'), ('PYTHONPATH', '/home/arepo/vsss_sim/bullet_ws/install/vision/lib/python3.10/site-packages:/home/arepo/vsss_sim/bullet_ws/install/sim/lib/python3.10/site-packages:/home/arepo/vsss_sim/bullet_ws/install/sim_msgs/local/lib/python3.10/dist-packages:/home/arepo/vsss/bullet_ws/install/vision/lib/python3.10/site-packages:/home/arepo/vsss/bullet_ws/install/sim/lib/python3.10/site-packages:/home/arepo/vsss/bullet_ws/install/sim_msgs/local/lib/python3.10/dist-packages:/opt/ros/humble/lib/python3.10/site-packages:/opt/ros/humble/local/lib/python3.10/dist-packages'), ('LC_NUMERIC', 'es_MX.UTF-8'), ('LC_PAPER', 'es_MX.UTF-8'), ('COLCON', '1'), ('CMAKE_PREFIX_PATH', '/home/arepo/vsss_sim/bullet_ws/install/sim_msgs:/home/arepo/vsss/bullet_ws/install/sim_msgs:/home/arepo/vsss_sim/bullet_ws/install/vision:/home/arepo/vsss_sim/bullet_ws/install/sim:/home/arepo/vsss/bullet_ws/install/vision:/home/arepo/vsss/bullet_ws/install/sim:/opt/ros/humble')]), 'shell': False}
[5.112959] (-) TimerEvent: {}
[5.164433] (sim_msgs) StdoutLine: {'line': b'-- Install configuration: ""\n'}
[5.164853] (sim_msgs) StdoutLine: {'line': b'-- Installing: /home/arepo/vsss_sim/bullet_ws/install/sim_msgs/share/ament_index/resource_index/rosidl_interfaces/sim_msgs\n'}
[5.165002] (sim_msgs) StdoutLine: {'line': b'-- Installing: /home/arepo/vsss_sim/bullet_ws/install/sim_msgs/include/sim_msgs/sim_msgs\n'}
[5.165109] (sim_msgs) StdoutLine: {'line': b'-- Installing: /home/arepo/vsss_sim/bullet_ws/install/sim_msgs/include/sim_msgs/sim_msgs/srv\n'}
[5.165193] (sim_msgs) StdoutLine: {'line': b'-- Installing: /home/arepo/vsss_sim/bullet_ws/install/sim_msgs/include/sim_msgs/sim_msgs/srv/reset.h\n'}
[5.165239] (sim_msgs) StdoutLine: {'line': b'-- Installing: /home/arepo/vsss_sim/bullet_ws/install/sim_msgs/include/sim_msgs/sim_msgs/srv/detail\n'}
[5.165279] (sim_msgs) StdoutLine: {'line': b'-- Installing: /home/arepo/vsss_sim/bullet_ws/install/sim_msgs/include/sim_msgs/sim_msgs/srv/detail/reset__functions.h\n'}
[5.165360] (sim_msgs) StdoutLine: {'line': b'-- Installing: /home/arepo/vsss_sim/bullet_ws/install/sim_msgs/include/sim_msgs/sim_msgs/srv/detail/controller__functions.c\n'}
[5.165417] (sim_msgs) StdoutLine: {'line': b'-- Installing: /home/arepo/vsss_sim/bullet_ws/install/sim_msgs/include/sim_msgs/sim_msgs/srv/detail/controller__functions.h\n'}
[5.165488] (sim_msgs) StdoutLine: {'line': b'-- Installing: /home/arepo/vsss_sim/bullet_ws/install/sim_msgs/include/sim_msgs/sim_msgs/srv/detail/controller__type_support.h\n'}
[5.165534] (sim_msgs) StdoutLine: {'line': b'-- Installing: /home/arepo/vsss_sim/bullet_ws/install/sim_msgs/include/sim_msgs/sim_msgs/srv/detail/reset__type_support.h\n'}
[5.165575] (sim_msgs) StdoutLine: {'line': b'-- Installing: /home/arepo/vsss_sim/bullet_ws/install/sim_msgs/include/sim_msgs/sim_msgs/srv/detail/reset__struct.h\n'}
[5.165613] (sim_msgs) StdoutLine: {'line': b'-- Installing: /home/arepo/vsss_sim/bullet_ws/install/sim_msgs/include/sim_msgs/sim_msgs/srv/detail/controller__struct.h\n'}
[5.165677] (sim_msgs) StdoutLine: {'line': b'-- Installing: /home/arepo/vsss_sim/bullet_ws/install/sim_msgs/include/sim_msgs/sim_msgs/srv/detail/reset__functions.c\n'}
[5.165719] (sim_msgs) StdoutLine: {'line': b'-- Installing: /home/arepo/vsss_sim/bullet_ws/install/sim_msgs/include/sim_msgs/sim_msgs/srv/controller.h\n'}
[5.165777] (sim_msgs) StdoutLine: {'line': b'-- Installing: /home/arepo/vsss_sim/bullet_ws/install/sim_msgs/include/sim_msgs/sim_msgs/msg\n'}
[5.165830] (sim_msgs) StdoutLine: {'line': b'-- Installing: /home/arepo/vsss_sim/bullet_ws/install/sim_msgs/include/sim_msgs/sim_msgs/msg/high_cmd.h\n'}
[5.165920] (sim_msgs) StdoutLine: {'line': b'-- Installing: /home/arepo/vsss_sim/bullet_ws/install/sim_msgs/include/sim_msgs/sim_msgs/msg/field_data.h\n'}
[5.166024] (sim_msgs) StdoutLine: {'line': b'-- Installing: /home/arepo/vsss_sim/bullet_ws/install/sim_msgs/include/sim_msgs/sim_msgs/msg/low_cmd.h\n'}
[5.166143] (sim_msgs) StdoutLine: {'line': b'-- Installing: /home/arepo/vsss_sim/bullet_ws/install/sim_msgs/include/sim_msgs/sim_msgs/msg/detail\n'}
[5.166199] (sim_msgs) StdoutLine: {'line': b'-- Installing: /home/arepo/vsss_sim/bullet_ws/install/sim_msgs/include/sim_msgs/sim_msgs/msg/detail/low_cmd__functions.h\n'}
[5.166299] (sim_msgs) StdoutLine: {'line': b'-- Installing: /home/arepo/vsss_sim/bullet_ws/install/sim_msgs/include/sim_msgs/sim_msgs/msg/detail/high_cmd__functions.h\n'}
[5.166451] (sim_msgs) StdoutLine: {'line': b'-- Installing: /home/arepo/vsss_sim/bullet_ws/install/sim_msgs/include/sim_msgs/sim_msgs/msg/detail/low_cmd__struct.h\n'}
[5.166560] (sim_msgs) StdoutLine: {'line': b'-- Installing: /home/arepo/vsss_sim/bullet_ws/install/sim_msgs/include/sim_msgs/sim_msgs/msg/detail/obj_data__functions.h\n'}
[5.166665] (sim_msgs) StdoutLine: {'line': b'-- Installing: /home/arepo/vsss_sim/bullet_ws/install/sim_msgs/include/sim_msgs/sim_msgs/msg/detail/settings__struct.h\n'}
[5.166742] (sim_msgs) StdoutLine: {'line': b'-- Installing: /home/arepo/vsss_sim/bullet_ws/install/sim_msgs/include/sim_msgs/sim_msgs/msg/detail/low_cmd__type_support.h\n'}
[5.166833] (sim_msgs) StdoutLine: {'line': b'-- Installing: /home/arepo/vsss_sim/bullet_ws/install/sim_msgs/include/sim_msgs/sim_msgs/msg/detail/high_cmd__struct.h\n'}
[5.166930] (sim_msgs) StdoutLine: {'line': b'-- Installing: /home/arepo/vsss_sim/bullet_ws/install/sim_msgs/include/sim_msgs/sim_msgs/msg/detail/high_cmd__functions.c\n'}
[5.167032] (sim_msgs) StdoutLine: {'line': b'-- Installing: /home/arepo/vsss_sim/bullet_ws/install/sim_msgs/include/sim_msgs/sim_msgs/msg/detail/field_data__functions.c\n'}
[5.167137] (sim_msgs) StdoutLine: {'line': b'-- Installing: /home/arepo/vsss_sim/bullet_ws/install/sim_msgs/include/sim_msgs/sim_msgs/msg/detail/obj_data__struct.h\n'}
[5.167233] (sim_msgs) StdoutLine: {'line': b'-- Installing: /home/arepo/vsss_sim/bullet_ws/install/sim_msgs/include/sim_msgs/sim_msgs/msg/detail/settings__type_support.h\n'}
[5.167332] (sim_msgs) StdoutLine: {'line': b'-- Installing: /home/arepo/vsss_sim/bullet_ws/install/sim_msgs/include/sim_msgs/sim_msgs/msg/detail/settings__functions.c\n'}
[5.167447] (sim_msgs) StdoutLine: {'line': b'-- Installing: /home/arepo/vsss_sim/bullet_ws/install/sim_msgs/include/sim_msgs/sim_msgs/msg/detail/settings__functions.h\n'}
[5.167550] (sim_msgs) StdoutLine: {'line': b'-- Installing: /home/arepo/vsss_sim/bullet_ws/install/sim_msgs/include/sim_msgs/sim_msgs/msg/detail/high_cmd__type_support.h\n'}
[5.167648] (sim_msgs) StdoutLine: {'line': b'-- Installing: /home/arepo/vsss_sim/bullet_ws/install/sim_msgs/include/sim_msgs/sim_msgs/msg/detail/field_data__type_support.h\n'}
[5.167745] (sim_msgs) StdoutLine: {'line': b'-- Installing: /home/arepo/vsss_sim/bullet_ws/install/sim_msgs/include/sim_msgs/sim_msgs/msg/detail/field_data__struct.h\n'}
[5.167843] (sim_msgs) StdoutLine: {'line': b'-- Installing: /home/arepo/vsss_sim/bullet_ws/install/sim_msgs/include/sim_msgs/sim_msgs/msg/detail/low_cmd__functions.c\n'}
[5.167945] (sim_msgs) StdoutLine: {'line': b'-- Installing: /home/arepo/vsss_sim/bullet_ws/install/sim_msgs/include/sim_msgs/sim_msgs/msg/detail/obj_data__type_support.h\n'}
[5.168043] (sim_msgs) StdoutLine: {'line': b'-- Installing: /home/arepo/vsss_sim/bullet_ws/install/sim_msgs/include/sim_msgs/sim_msgs/msg/detail/field_data__functions.h\n'}
[5.168149] (sim_msgs) StdoutLine: {'line': b'-- Installing: /home/arepo/vsss_sim/bullet_ws/install/sim_msgs/include/sim_msgs/sim_msgs/msg/detail/obj_data__functions.c\n'}
[5.168253] (sim_msgs) StdoutLine: {'line': b'-- Installing: /home/arepo/vsss_sim/bullet_ws/install/sim_msgs/include/sim_msgs/sim_msgs/msg/obj_data.h\n'}
[5.168350] (sim_msgs) StdoutLine: {'line': b'-- Installing: /home/arepo/vsss_sim/bullet_ws/install/sim_msgs/include/sim_msgs/sim_msgs/msg/settings.h\n'}
[5.168464] (sim_msgs) StdoutLine: {'line': b'-- Installing: /home/arepo/vsss_sim/bullet_ws/install/sim_msgs/include/sim_msgs/sim_msgs/msg/rosidl_generator_c__visibility_control.h\n'}
[5.168637] (sim_msgs) StdoutLine: {'line': b'-- Installing: /home/arepo/vsss_sim/bullet_ws/install/sim_msgs/share/sim_msgs/environment/library_path.sh\n'}
[5.168759] (sim_msgs) StdoutLine: {'line': b'-- Installing: /home/arepo/vsss_sim/bullet_ws/install/sim_msgs/share/sim_msgs/environment/library_path.dsv\n'}
[5.168913] (sim_msgs) StdoutLine: {'line': b'-- Installing: /home/arepo/vsss_sim/bullet_ws/install/sim_msgs/lib/libsim_msgs__rosidl_generator_c.so\n'}
[5.169271] (sim_msgs) StdoutLine: {'line': b'-- Set non-toolchain portion of runtime path of "/home/arepo/vsss_sim/bullet_ws/install/sim_msgs/lib/libsim_msgs__rosidl_generator_c.so" to ""\n'}
[5.169337] (sim_msgs) StdoutLine: {'line': b'-- Up-to-date: /home/arepo/vsss_sim/bullet_ws/install/sim_msgs/include/sim_msgs/sim_msgs\n'}
[5.169443] (sim_msgs) StdoutLine: {'line': b'-- Up-to-date: /home/arepo/vsss_sim/bullet_ws/install/sim_msgs/include/sim_msgs/sim_msgs/srv\n'}
[5.169505] (sim_msgs) StdoutLine: {'line': b'-- Up-to-date: /home/arepo/vsss_sim/bullet_ws/install/sim_msgs/include/sim_msgs/sim_msgs/srv/detail\n'}
[5.169577] (sim_msgs) StdoutLine: {'line': b'-- Installing: /home/arepo/vsss_sim/bullet_ws/install/sim_msgs/include/sim_msgs/sim_msgs/srv/detail/reset__rosidl_typesupport_fastrtps_c.h\n'}
[5.169621] (sim_msgs) StdoutLine: {'line': b'-- Installing: /home/arepo/vsss_sim/bullet_ws/install/sim_msgs/include/sim_msgs/sim_msgs/srv/detail/controller__rosidl_typesupport_fastrtps_c.h\n'}
[5.169689] (sim_msgs) StdoutLine: {'line': b'-- Up-to-date: /home/arepo/vsss_sim/bullet_ws/install/sim_msgs/include/sim_msgs/sim_msgs/msg\n'}
[5.169725] (sim_msgs) StdoutLine: {'line': b'-- Installing: /home/arepo/vsss_sim/bullet_ws/install/sim_msgs/include/sim_msgs/sim_msgs/msg/rosidl_typesupport_fastrtps_c__visibility_control.h\n'}
[5.169781] (sim_msgs) StdoutLine: {'line': b'-- Up-to-date: /home/arepo/vsss_sim/bullet_ws/install/sim_msgs/include/sim_msgs/sim_msgs/msg/detail\n'}
[5.169859] (sim_msgs) StdoutLine: {'line': b'-- Installing: /home/arepo/vsss_sim/bullet_ws/install/sim_msgs/include/sim_msgs/sim_msgs/msg/detail/field_data__rosidl_typesupport_fastrtps_c.h\n'}
[5.169952] (sim_msgs) StdoutLine: {'line': b'-- Installing: /home/arepo/vsss_sim/bullet_ws/install/sim_msgs/include/sim_msgs/sim_msgs/msg/detail/obj_data__rosidl_typesupport_fastrtps_c.h\n'}
[5.170058] (sim_msgs) StdoutLine: {'line': b'-- Installing: /home/arepo/vsss_sim/bullet_ws/install/sim_msgs/include/sim_msgs/sim_msgs/msg/detail/low_cmd__rosidl_typesupport_fastrtps_c.h\n'}
[5.170170] (sim_msgs) StdoutLine: {'line': b'-- Installing: /home/arepo/vsss_sim/bullet_ws/install/sim_msgs/include/sim_msgs/sim_msgs/msg/detail/high_cmd__rosidl_typesupport_fastrtps_c.h\n'}
[5.170272] (sim_msgs) StdoutLine: {'line': b'-- Installing: /home/arepo/vsss_sim/bullet_ws/install/sim_msgs/include/sim_msgs/sim_msgs/msg/detail/settings__rosidl_typesupport_fastrtps_c.h\n'}
[5.170416] (sim_msgs) StdoutLine: {'line': b'-- Installing: /home/arepo/vsss_sim/bullet_ws/install/sim_msgs/lib/libsim_msgs__rosidl_typesupport_fastrtps_c.so\n'}
[5.170805] (sim_msgs) StdoutLine: {'line': b'-- Set non-toolchain portion of runtime path of "/home/arepo/vsss_sim/bullet_ws/install/sim_msgs/lib/libsim_msgs__rosidl_typesupport_fastrtps_c.so" to ""\n'}
[5.170889] (sim_msgs) StdoutLine: {'line': b'-- Up-to-date: /home/arepo/vsss_sim/bullet_ws/install/sim_msgs/include/sim_msgs/sim_msgs\n'}
[5.170943] (sim_msgs) StdoutLine: {'line': b'-- Up-to-date: /home/arepo/vsss_sim/bullet_ws/install/sim_msgs/include/sim_msgs/sim_msgs/srv\n'}
[5.171026] (sim_msgs) StdoutLine: {'line': b'-- Up-to-date: /home/arepo/vsss_sim/bullet_ws/install/sim_msgs/include/sim_msgs/sim_msgs/srv/detail\n'}
[5.171115] (sim_msgs) StdoutLine: {'line': b'-- Installing: /home/arepo/vsss_sim/bullet_ws/install/sim_msgs/include/sim_msgs/sim_msgs/srv/detail/controller__type_support.c\n'}
[5.171155] (sim_msgs) StdoutLine: {'line': b'-- Installing: /home/arepo/vsss_sim/bullet_ws/install/sim_msgs/include/sim_msgs/sim_msgs/srv/detail/reset__type_support.c\n'}
[5.171234] (sim_msgs) StdoutLine: {'line': b'-- Installing: /home/arepo/vsss_sim/bullet_ws/install/sim_msgs/include/sim_msgs/sim_msgs/srv/detail/controller__rosidl_typesupport_introspection_c.h\n'}
[5.171331] (sim_msgs) StdoutLine: {'line': b'-- Installing: /home/arepo/vsss_sim/bullet_ws/install/sim_msgs/include/sim_msgs/sim_msgs/srv/detail/reset__rosidl_typesupport_introspection_c.h\n'}
[5.171496] (sim_msgs) StdoutLine: {'line': b'-- Up-to-date: /home/arepo/vsss_sim/bullet_ws/install/sim_msgs/include/sim_msgs/sim_msgs/msg\n'}
[5.171579] (sim_msgs) StdoutLine: {'line': b'-- Installing: /home/arepo/vsss_sim/bullet_ws/install/sim_msgs/include/sim_msgs/sim_msgs/msg/rosidl_typesupport_introspection_c__visibility_control.h\n'}
[5.171656] (sim_msgs) StdoutLine: {'line': b'-- Up-to-date: /home/arepo/vsss_sim/bullet_ws/install/sim_msgs/include/sim_msgs/sim_msgs/msg/detail\n'}
[5.171711] (sim_msgs) StdoutLine: {'line': b'-- Installing: /home/arepo/vsss_sim/bullet_ws/install/sim_msgs/include/sim_msgs/sim_msgs/msg/detail/high_cmd__rosidl_typesupport_introspection_c.h\n'}
[5.171764] (sim_msgs) StdoutLine: {'line': b'-- Installing: /home/arepo/vsss_sim/bullet_ws/install/sim_msgs/include/sim_msgs/sim_msgs/msg/detail/field_data__type_support.c\n'}
[5.171853] (sim_msgs) StdoutLine: {'line': b'-- Installing: /home/arepo/vsss_sim/bullet_ws/install/sim_msgs/include/sim_msgs/sim_msgs/msg/detail/obj_data__type_support.c\n'}
[5.171986] (sim_msgs) StdoutLine: {'line': b'-- Installing: /home/arepo/vsss_sim/bullet_ws/install/sim_msgs/include/sim_msgs/sim_msgs/msg/detail/low_cmd__rosidl_typesupport_introspection_c.h\n'}
[5.172059] (sim_msgs) StdoutLine: {'line': b'-- Installing: /home/arepo/vsss_sim/bullet_ws/install/sim_msgs/include/sim_msgs/sim_msgs/msg/detail/high_cmd__type_support.c\n'}
[5.172171] (sim_msgs) StdoutLine: {'line': b'-- Installing: /home/arepo/vsss_sim/bullet_ws/install/sim_msgs/include/sim_msgs/sim_msgs/msg/detail/settings__rosidl_typesupport_introspection_c.h\n'}
[5.172279] (sim_msgs) StdoutLine: {'line': b'-- Installing: /home/arepo/vsss_sim/bullet_ws/install/sim_msgs/include/sim_msgs/sim_msgs/msg/detail/field_data__rosidl_typesupport_introspection_c.h\n'}
[5.172375] (sim_msgs) StdoutLine: {'line': b'-- Installing: /home/arepo/vsss_sim/bullet_ws/install/sim_msgs/include/sim_msgs/sim_msgs/msg/detail/low_cmd__type_support.c\n'}
[5.172488] (sim_msgs) StdoutLine: {'line': b'-- Installing: /home/arepo/vsss_sim/bullet_ws/install/sim_msgs/include/sim_msgs/sim_msgs/msg/detail/settings__type_support.c\n'}
[5.172603] (sim_msgs) StdoutLine: {'line': b'-- Installing: /home/arepo/vsss_sim/bullet_ws/install/sim_msgs/include/sim_msgs/sim_msgs/msg/detail/obj_data__rosidl_typesupport_introspection_c.h\n'}
[5.172732] (sim_msgs) StdoutLine: {'line': b'-- Installing: /home/arepo/vsss_sim/bullet_ws/install/sim_msgs/lib/libsim_msgs__rosidl_typesupport_introspection_c.so\n'}
[5.173066] (sim_msgs) StdoutLine: {'line': b'-- Set non-toolchain portion of runtime path of "/home/arepo/vsss_sim/bullet_ws/install/sim_msgs/lib/libsim_msgs__rosidl_typesupport_introspection_c.so" to ""\n'}
[5.173117] (sim_msgs) StdoutLine: {'line': b'-- Installing: /home/arepo/vsss_sim/bullet_ws/install/sim_msgs/lib/libsim_msgs__rosidl_typesupport_c.so\n'}
[5.173414] (sim_msgs) StdoutLine: {'line': b'-- Set non-toolchain portion of runtime path of "/home/arepo/vsss_sim/bullet_ws/install/sim_msgs/lib/libsim_msgs__rosidl_typesupport_c.so" to ""\n'}
[5.173492] (sim_msgs) StdoutLine: {'line': b'-- Up-to-date: /home/arepo/vsss_sim/bullet_ws/install/sim_msgs/include/sim_msgs/sim_msgs\n'}
[5.173535] (sim_msgs) StdoutLine: {'line': b'-- Up-to-date: /home/arepo/vsss_sim/bullet_ws/install/sim_msgs/include/sim_msgs/sim_msgs/srv\n'}
[5.173599] (sim_msgs) StdoutLine: {'line': b'-- Up-to-date: /home/arepo/vsss_sim/bullet_ws/install/sim_msgs/include/sim_msgs/sim_msgs/srv/detail\n'}
[5.173638] (sim_msgs) StdoutLine: {'line': b'-- Installing: /home/arepo/vsss_sim/bullet_ws/install/sim_msgs/include/sim_msgs/sim_msgs/srv/detail/controller__struct.hpp\n'}
[5.173689] (sim_msgs) StdoutLine: {'line': b'-- Installing: /home/arepo/vsss_sim/bullet_ws/install/sim_msgs/include/sim_msgs/sim_msgs/srv/detail/controller__traits.hpp\n'}
[5.173769] (sim_msgs) StdoutLine: {'line': b'-- Installing: /home/arepo/vsss_sim/bullet_ws/install/sim_msgs/include/sim_msgs/sim_msgs/srv/detail/reset__builder.hpp\n'}
[5.173869] (sim_msgs) StdoutLine: {'line': b'-- Installing: /home/arepo/vsss_sim/bullet_ws/install/sim_msgs/include/sim_msgs/sim_msgs/srv/detail/controller__type_support.hpp\n'}
[5.173969] (sim_msgs) StdoutLine: {'line': b'-- Installing: /home/arepo/vsss_sim/bullet_ws/install/sim_msgs/include/sim_msgs/sim_msgs/srv/detail/controller__builder.hpp\n'}
[5.174071] (sim_msgs) StdoutLine: {'line': b'-- Installing: /home/arepo/vsss_sim/bullet_ws/install/sim_msgs/include/sim_msgs/sim_msgs/srv/detail/reset__traits.hpp\n'}
[5.174177] (sim_msgs) StdoutLine: {'line': b'-- Installing: /home/arepo/vsss_sim/bullet_ws/install/sim_msgs/include/sim_msgs/sim_msgs/srv/detail/reset__type_support.hpp\n'}
[5.174277] (sim_msgs) StdoutLine: {'line': b'-- Installing: /home/arepo/vsss_sim/bullet_ws/install/sim_msgs/include/sim_msgs/sim_msgs/srv/detail/reset__struct.hpp\n'}
[5.174386] (sim_msgs) StdoutLine: {'line': b'-- Installing: /home/arepo/vsss_sim/bullet_ws/install/sim_msgs/include/sim_msgs/sim_msgs/srv/reset.hpp\n'}
[5.174520] (sim_msgs) StdoutLine: {'line': b'-- Installing: /home/arepo/vsss_sim/bullet_ws/install/sim_msgs/include/sim_msgs/sim_msgs/srv/controller.hpp\n'}
[5.174613] (sim_msgs) StdoutLine: {'line': b'-- Up-to-date: /home/arepo/vsss_sim/bullet_ws/install/sim_msgs/include/sim_msgs/sim_msgs/msg\n'}
[5.174664] (sim_msgs) StdoutLine: {'line': b'-- Installing: /home/arepo/vsss_sim/bullet_ws/install/sim_msgs/include/sim_msgs/sim_msgs/msg/low_cmd.hpp\n'}
[5.174758] (sim_msgs) StdoutLine: {'line': b'-- Up-to-date: /home/arepo/vsss_sim/bullet_ws/install/sim_msgs/include/sim_msgs/sim_msgs/msg/detail\n'}
[5.174807] (sim_msgs) StdoutLine: {'line': b'-- Installing: /home/arepo/vsss_sim/bullet_ws/install/sim_msgs/include/sim_msgs/sim_msgs/msg/detail/low_cmd__type_support.hpp\n'}
[5.174901] (sim_msgs) StdoutLine: {'line': b'-- Installing: /home/arepo/vsss_sim/bullet_ws/install/sim_msgs/include/sim_msgs/sim_msgs/msg/detail/settings__type_support.hpp\n'}
[5.175003] (sim_msgs) StdoutLine: {'line': b'-- Installing: /home/arepo/vsss_sim/bullet_ws/install/sim_msgs/include/sim_msgs/sim_msgs/msg/detail/high_cmd__type_support.hpp\n'}
[5.175099] (sim_msgs) StdoutLine: {'line': b'-- Installing: /home/arepo/vsss_sim/bullet_ws/install/sim_msgs/include/sim_msgs/sim_msgs/msg/detail/obj_data__traits.hpp\n'}
[5.175206] (sim_msgs) StdoutLine: {'line': b'-- Installing: /home/arepo/vsss_sim/bullet_ws/install/sim_msgs/include/sim_msgs/sim_msgs/msg/detail/low_cmd__traits.hpp\n'}
[5.175313] (sim_msgs) StdoutLine: {'line': b'-- Installing: /home/arepo/vsss_sim/bullet_ws/install/sim_msgs/include/sim_msgs/sim_msgs/msg/detail/high_cmd__struct.hpp\n'}
[5.175430] (sim_msgs) StdoutLine: {'line': b'-- Installing: /home/arepo/vsss_sim/bullet_ws/install/sim_msgs/include/sim_msgs/sim_msgs/msg/detail/field_data__traits.hpp\n'}
[5.175538] (sim_msgs) StdoutLine: {'line': b'-- Installing: /home/arepo/vsss_sim/bullet_ws/install/sim_msgs/include/sim_msgs/sim_msgs/msg/detail/settings__builder.hpp\n'}
[5.175644] (sim_msgs) StdoutLine: {'line': b'-- Installing: /home/arepo/vsss_sim/bullet_ws/install/sim_msgs/include/sim_msgs/sim_msgs/msg/detail/low_cmd__builder.hpp\n'}
[5.175744] (sim_msgs) StdoutLine: {'line': b'-- Installing: /home/arepo/vsss_sim/bullet_ws/install/sim_msgs/include/sim_msgs/sim_msgs/msg/detail/field_data__type_support.hpp\n'}
[5.175848] (sim_msgs) StdoutLine: {'line': b'-- Installing: /home/arepo/vsss_sim/bullet_ws/install/sim_msgs/include/sim_msgs/sim_msgs/msg/detail/obj_data__struct.hpp\n'}
[5.175950] (sim_msgs) StdoutLine: {'line': b'-- Installing: /home/arepo/vsss_sim/bullet_ws/install/sim_msgs/include/sim_msgs/sim_msgs/msg/detail/low_cmd__struct.hpp\n'}
[5.176058] (sim_msgs) StdoutLine: {'line': b'-- Installing: /home/arepo/vsss_sim/bullet_ws/install/sim_msgs/include/sim_msgs/sim_msgs/msg/detail/obj_data__builder.hpp\n'}
[5.176160] (sim_msgs) StdoutLine: {'line': b'-- Installing: /home/arepo/vsss_sim/bullet_ws/install/sim_msgs/include/sim_msgs/sim_msgs/msg/detail/obj_data__type_support.hpp\n'}
[5.176264] (sim_msgs) StdoutLine: {'line': b'-- Installing: /home/arepo/vsss_sim/bullet_ws/install/sim_msgs/include/sim_msgs/sim_msgs/msg/detail/field_data__builder.hpp\n'}
[5.176369] (sim_msgs) StdoutLine: {'line': b'-- Installing: /home/arepo/vsss_sim/bullet_ws/install/sim_msgs/include/sim_msgs/sim_msgs/msg/detail/high_cmd__traits.hpp\n'}
[5.176482] (sim_msgs) StdoutLine: {'line': b'-- Installing: /home/arepo/vsss_sim/bullet_ws/install/sim_msgs/include/sim_msgs/sim_msgs/msg/detail/high_cmd__builder.hpp\n'}
[5.176586] (sim_msgs) StdoutLine: {'line': b'-- Installing: /home/arepo/vsss_sim/bullet_ws/install/sim_msgs/include/sim_msgs/sim_msgs/msg/detail/field_data__struct.hpp\n'}
[5.176695] (sim_msgs) StdoutLine: {'line': b'-- Installing: /home/arepo/vsss_sim/bullet_ws/install/sim_msgs/include/sim_msgs/sim_msgs/msg/detail/settings__struct.hpp\n'}
[5.176803] (sim_msgs) StdoutLine: {'line': b'-- Installing: /home/arepo/vsss_sim/bullet_ws/install/sim_msgs/include/sim_msgs/sim_msgs/msg/detail/settings__traits.hpp\n'}
[5.176912] (sim_msgs) StdoutLine: {'line': b'-- Installing: /home/arepo/vsss_sim/bullet_ws/install/sim_msgs/include/sim_msgs/sim_msgs/msg/high_cmd.hpp\n'}
[5.177010] (sim_msgs) StdoutLine: {'line': b'-- Installing: /home/arepo/vsss_sim/bullet_ws/install/sim_msgs/include/sim_msgs/sim_msgs/msg/rosidl_generator_cpp__visibility_control.hpp\n'}
[5.177108] (sim_msgs) StdoutLine: {'line': b'-- Installing: /home/arepo/vsss_sim/bullet_ws/install/sim_msgs/include/sim_msgs/sim_msgs/msg/field_data.hpp\n'}
[5.177209] (sim_msgs) StdoutLine: {'line': b'-- Installing: /home/arepo/vsss_sim/bullet_ws/install/sim_msgs/include/sim_msgs/sim_msgs/msg/obj_data.hpp\n'}
[5.177306] (sim_msgs) StdoutLine: {'line': b'-- Installing: /home/arepo/vsss_sim/bullet_ws/install/sim_msgs/include/sim_msgs/sim_msgs/msg/settings.hpp\n'}
[5.177421] (sim_msgs) StdoutLine: {'line': b'-- Up-to-date: /home/arepo/vsss_sim/bullet_ws/install/sim_msgs/include/sim_msgs/sim_msgs\n'}
[5.177497] (sim_msgs) StdoutLine: {'line': b'-- Up-to-date: /home/arepo/vsss_sim/bullet_ws/install/sim_msgs/include/sim_msgs/sim_msgs/srv\n'}
[5.177551] (sim_msgs) StdoutLine: {'line': b'-- Up-to-date: /home/arepo/vsss_sim/bullet_ws/install/sim_msgs/include/sim_msgs/sim_msgs/srv/detail\n'}
[5.177584] (sim_msgs) StdoutLine: {'line': b'-- Installing: /home/arepo/vsss_sim/bullet_ws/install/sim_msgs/include/sim_msgs/sim_msgs/srv/detail/reset__rosidl_typesupport_fastrtps_cpp.hpp\n'}
[5.177636] (sim_msgs) StdoutLine: {'line': b'-- Installing: /home/arepo/vsss_sim/bullet_ws/install/sim_msgs/include/sim_msgs/sim_msgs/srv/detail/dds_fastrtps\n'}
[5.177715] (sim_msgs) StdoutLine: {'line': b'-- Installing: /home/arepo/vsss_sim/bullet_ws/install/sim_msgs/include/sim_msgs/sim_msgs/srv/detail/controller__rosidl_typesupport_fastrtps_cpp.hpp\n'}
[5.177811] (sim_msgs) StdoutLine: {'line': b'-- Up-to-date: /home/arepo/vsss_sim/bullet_ws/install/sim_msgs/include/sim_msgs/sim_msgs/msg\n'}
[5.177857] (sim_msgs) StdoutLine: {'line': b'-- Up-to-date: /home/arepo/vsss_sim/bullet_ws/install/sim_msgs/include/sim_msgs/sim_msgs/msg/detail\n'}
[5.177903] (sim_msgs) StdoutLine: {'line': b'-- Installing: /home/arepo/vsss_sim/bullet_ws/install/sim_msgs/include/sim_msgs/sim_msgs/msg/detail/settings__rosidl_typesupport_fastrtps_cpp.hpp\n'}
[5.178035] (sim_msgs) StdoutLine: {'line': b'-- Installing: /home/arepo/vsss_sim/bullet_ws/install/sim_msgs/include/sim_msgs/sim_msgs/msg/detail/dds_fastrtps\n'}
[5.178093] (sim_msgs) StdoutLine: {'line': b'-- Installing: /home/arepo/vsss_sim/bullet_ws/install/sim_msgs/include/sim_msgs/sim_msgs/msg/detail/field_data__rosidl_typesupport_fastrtps_cpp.hpp\n'}
[5.178176] (sim_msgs) StdoutLine: {'line': b'-- Installing: /home/arepo/vsss_sim/bullet_ws/install/sim_msgs/include/sim_msgs/sim_msgs/msg/detail/obj_data__rosidl_typesupport_fastrtps_cpp.hpp\n'}
[5.178276] (sim_msgs) StdoutLine: {'line': b'-- Installing: /home/arepo/vsss_sim/bullet_ws/install/sim_msgs/include/sim_msgs/sim_msgs/msg/detail/high_cmd__rosidl_typesupport_fastrtps_cpp.hpp\n'}
[5.178377] (sim_msgs) StdoutLine: {'line': b'-- Installing: /home/arepo/vsss_sim/bullet_ws/install/sim_msgs/include/sim_msgs/sim_msgs/msg/detail/low_cmd__rosidl_typesupport_fastrtps_cpp.hpp\n'}
[5.178509] (sim_msgs) StdoutLine: {'line': b'-- Installing: /home/arepo/vsss_sim/bullet_ws/install/sim_msgs/include/sim_msgs/sim_msgs/msg/rosidl_typesupport_fastrtps_cpp__visibility_control.h\n'}
[5.178627] (sim_msgs) StdoutLine: {'line': b'-- Installing: /home/arepo/vsss_sim/bullet_ws/install/sim_msgs/lib/libsim_msgs__rosidl_typesupport_fastrtps_cpp.so\n'}
[5.179005] (sim_msgs) StdoutLine: {'line': b'-- Set non-toolchain portion of runtime path of "/home/arepo/vsss_sim/bullet_ws/install/sim_msgs/lib/libsim_msgs__rosidl_typesupport_fastrtps_cpp.so" to ""\n'}
[5.179057] (sim_msgs) StdoutLine: {'line': b'-- Up-to-date: /home/arepo/vsss_sim/bullet_ws/install/sim_msgs/include/sim_msgs/sim_msgs\n'}
[5.179114] (sim_msgs) StdoutLine: {'line': b'-- Up-to-date: /home/arepo/vsss_sim/bullet_ws/install/sim_msgs/include/sim_msgs/sim_msgs/srv\n'}
[5.179153] (sim_msgs) StdoutLine: {'line': b'-- Up-to-date: /home/arepo/vsss_sim/bullet_ws/install/sim_msgs/include/sim_msgs/sim_msgs/srv/detail\n'}
[5.179213] (sim_msgs) StdoutLine: {'line': b'-- Installing: /home/arepo/vsss_sim/bullet_ws/install/sim_msgs/include/sim_msgs/sim_msgs/srv/detail/reset__type_support.cpp\n'}
[5.179261] (sim_msgs) StdoutLine: {'line': b'-- Installing: /home/arepo/vsss_sim/bullet_ws/install/sim_msgs/include/sim_msgs/sim_msgs/srv/detail/controller__rosidl_typesupport_introspection_cpp.hpp\n'}
[5.179356] (sim_msgs) StdoutLine: {'line': b'-- Installing: /home/arepo/vsss_sim/bullet_ws/install/sim_msgs/include/sim_msgs/sim_msgs/srv/detail/reset__rosidl_typesupport_introspection_cpp.hpp\n'}
[5.179467] (sim_msgs) StdoutLine: {'line': b'-- Installing: /home/arepo/vsss_sim/bullet_ws/install/sim_msgs/include/sim_msgs/sim_msgs/srv/detail/controller__type_support.cpp\n'}
[5.179579] (sim_msgs) StdoutLine: {'line': b'-- Up-to-date: /home/arepo/vsss_sim/bullet_ws/install/sim_msgs/include/sim_msgs/sim_msgs/msg\n'}
[5.179628] (sim_msgs) StdoutLine: {'line': b'-- Up-to-date: /home/arepo/vsss_sim/bullet_ws/install/sim_msgs/include/sim_msgs/sim_msgs/msg/detail\n'}
[5.179677] (sim_msgs) StdoutLine: {'line': b'-- Installing: /home/arepo/vsss_sim/bullet_ws/install/sim_msgs/include/sim_msgs/sim_msgs/msg/detail/high_cmd__type_support.cpp\n'}
[5.179760] (sim_msgs) StdoutLine: {'line': b'-- Installing: /home/arepo/vsss_sim/bullet_ws/install/sim_msgs/include/sim_msgs/sim_msgs/msg/detail/high_cmd__rosidl_typesupport_introspection_cpp.hpp\n'}
[5.179868] (sim_msgs) StdoutLine: {'line': b'-- Installing: /home/arepo/vsss_sim/bullet_ws/install/sim_msgs/include/sim_msgs/sim_msgs/msg/detail/field_data__rosidl_typesupport_introspection_cpp.hpp\n'}
[5.179972] (sim_msgs) StdoutLine: {'line': b'-- Installing: /home/arepo/vsss_sim/bullet_ws/install/sim_msgs/include/sim_msgs/sim_msgs/msg/detail/field_data__type_support.cpp\n'}
[5.180088] (sim_msgs) StdoutLine: {'line': b'-- Installing: /home/arepo/vsss_sim/bullet_ws/install/sim_msgs/include/sim_msgs/sim_msgs/msg/detail/settings__rosidl_typesupport_introspection_cpp.hpp\n'}
[5.180194] (sim_msgs) StdoutLine: {'line': b'-- Installing: /home/arepo/vsss_sim/bullet_ws/install/sim_msgs/include/sim_msgs/sim_msgs/msg/detail/low_cmd__type_support.cpp\n'}
[5.180306] (sim_msgs) StdoutLine: {'line': b'-- Installing: /home/arepo/vsss_sim/bullet_ws/install/sim_msgs/include/sim_msgs/sim_msgs/msg/detail/obj_data__rosidl_typesupport_introspection_cpp.hpp\n'}
[5.180421] (sim_msgs) StdoutLine: {'line': b'-- Installing: /home/arepo/vsss_sim/bullet_ws/install/sim_msgs/include/sim_msgs/sim_msgs/msg/detail/low_cmd__rosidl_typesupport_introspection_cpp.hpp\n'}
[5.180529] (sim_msgs) StdoutLine: {'line': b'-- Installing: /home/arepo/vsss_sim/bullet_ws/install/sim_msgs/include/sim_msgs/sim_msgs/msg/detail/settings__type_support.cpp\n'}
[5.180645] (sim_msgs) StdoutLine: {'line': b'-- Installing: /home/arepo/vsss_sim/bullet_ws/install/sim_msgs/include/sim_msgs/sim_msgs/msg/detail/obj_data__type_support.cpp\n'}
[5.180785] (sim_msgs) StdoutLine: {'line': b'-- Installing: /home/arepo/vsss_sim/bullet_ws/install/sim_msgs/lib/libsim_msgs__rosidl_typesupport_introspection_cpp.so\n'}
[5.181146] (sim_msgs) StdoutLine: {'line': b'-- Set non-toolchain portion of runtime path of "/home/arepo/vsss_sim/bullet_ws/install/sim_msgs/lib/libsim_msgs__rosidl_typesupport_introspection_cpp.so" to ""\n'}
[5.181208] (sim_msgs) StdoutLine: {'line': b'-- Installing: /home/arepo/vsss_sim/bullet_ws/install/sim_msgs/lib/libsim_msgs__rosidl_typesupport_cpp.so\n'}
[5.181521] (sim_msgs) StdoutLine: {'line': b'-- Set non-toolchain portion of runtime path of "/home/arepo/vsss_sim/bullet_ws/install/sim_msgs/lib/libsim_msgs__rosidl_typesupport_cpp.so" to ""\n'}
[5.181581] (sim_msgs) StdoutLine: {'line': b'-- Installing: /home/arepo/vsss_sim/bullet_ws/install/sim_msgs/share/sim_msgs/environment/pythonpath.sh\n'}
[5.181680] (sim_msgs) StdoutLine: {'line': b'-- Installing: /home/arepo/vsss_sim/bullet_ws/install/sim_msgs/share/sim_msgs/environment/pythonpath.dsv\n'}
[5.181790] (sim_msgs) StdoutLine: {'line': b'-- Installing: /home/arepo/vsss_sim/bullet_ws/install/sim_msgs/local/lib/python3.10/dist-packages/sim_msgs-0.0.0-py3.10.egg-info\n'}
[5.181938] (sim_msgs) StdoutLine: {'line': b'-- Installing: /home/arepo/vsss_sim/bullet_ws/install/sim_msgs/local/lib/python3.10/dist-packages/sim_msgs-0.0.0-py3.10.egg-info/PKG-INFO\n'}
[5.182043] (sim_msgs) StdoutLine: {'line': b'-- Installing: /home/arepo/vsss_sim/bullet_ws/install/sim_msgs/local/lib/python3.10/dist-packages/sim_msgs-0.0.0-py3.10.egg-info/dependency_links.txt\n'}
[5.182132] (sim_msgs) StdoutLine: {'line': b'-- Installing: /home/arepo/vsss_sim/bullet_ws/install/sim_msgs/local/lib/python3.10/dist-packages/sim_msgs-0.0.0-py3.10.egg-info/top_level.txt\n'}
[5.182230] (sim_msgs) StdoutLine: {'line': b'-- Installing: /home/arepo/vsss_sim/bullet_ws/install/sim_msgs/local/lib/python3.10/dist-packages/sim_msgs-0.0.0-py3.10.egg-info/SOURCES.txt\n'}
[5.182338] (sim_msgs) StdoutLine: {'line': b'-- Installing: /home/arepo/vsss_sim/bullet_ws/install/sim_msgs/local/lib/python3.10/dist-packages/sim_msgs\n'}
[5.182448] (sim_msgs) StdoutLine: {'line': b'-- Installing: /home/arepo/vsss_sim/bullet_ws/install/sim_msgs/local/lib/python3.10/dist-packages/sim_msgs/libsim_msgs__rosidl_generator_py.so\n'}
[5.182601] (sim_msgs) StdoutLine: {'line': b'-- Installing: /home/arepo/vsss_sim/bullet_ws/install/sim_msgs/local/lib/python3.10/dist-packages/sim_msgs/srv\n'}
[5.182669] (sim_msgs) StdoutLine: {'line': b'-- Installing: /home/arepo/vsss_sim/bullet_ws/install/sim_msgs/local/lib/python3.10/dist-packages/sim_msgs/srv/_controller_s.c\n'}
[5.182780] (sim_msgs) StdoutLine: {'line': b'-- Installing: /home/arepo/vsss_sim/bullet_ws/install/sim_msgs/local/lib/python3.10/dist-packages/sim_msgs/srv/__init__.py\n'}
[5.182882] (sim_msgs) StdoutLine: {'line': b'-- Installing: /home/arepo/vsss_sim/bullet_ws/install/sim_msgs/local/lib/python3.10/dist-packages/sim_msgs/srv/_reset_s.c\n'}
[5.182979] (sim_msgs) StdoutLine: {'line': b'-- Installing: /home/arepo/vsss_sim/bullet_ws/install/sim_msgs/local/lib/python3.10/dist-packages/sim_msgs/srv/_reset.py\n'}
[5.183088] (sim_msgs) StdoutLine: {'line': b'-- Installing: /home/arepo/vsss_sim/bullet_ws/install/sim_msgs/local/lib/python3.10/dist-packages/sim_msgs/srv/_controller.py\n'}
[5.183187] (sim_msgs) StdoutLine: {'line': b'-- Installing: /home/arepo/vsss_sim/bullet_ws/install/sim_msgs/local/lib/python3.10/dist-packages/sim_msgs/msg\n'}
[5.183257] (sim_msgs) StdoutLine: {'line': b'-- Installing: /home/arepo/vsss_sim/bullet_ws/install/sim_msgs/local/lib/python3.10/dist-packages/sim_msgs/msg/_low_cmd.py\n'}
[5.183377] (sim_msgs) StdoutLine: {'line': b'-- Installing: /home/arepo/vsss_sim/bullet_ws/install/sim_msgs/local/lib/python3.10/dist-packages/sim_msgs/msg/_obj_data.py\n'}
[5.183498] (sim_msgs) StdoutLine: {'line': b'-- Installing: /home/arepo/vsss_sim/bullet_ws/install/sim_msgs/local/lib/python3.10/dist-packages/sim_msgs/msg/_obj_data_s.c\n'}
[5.183599] (sim_msgs) StdoutLine: {'line': b'-- Installing: /home/arepo/vsss_sim/bullet_ws/install/sim_msgs/local/lib/python3.10/dist-packages/sim_msgs/msg/__init__.py\n'}
[5.183697] (sim_msgs) StdoutLine: {'line': b'-- Installing: /home/arepo/vsss_sim/bullet_ws/install/sim_msgs/local/lib/python3.10/dist-packages/sim_msgs/msg/_low_cmd_s.c\n'}
[5.183799] (sim_msgs) StdoutLine: {'line': b'-- Installing: /home/arepo/vsss_sim/bullet_ws/install/sim_msgs/local/lib/python3.10/dist-packages/sim_msgs/msg/_settings_s.c\n'}
[5.183906] (sim_msgs) StdoutLine: {'line': b'-- Installing: /home/arepo/vsss_sim/bullet_ws/install/sim_msgs/local/lib/python3.10/dist-packages/sim_msgs/msg/_settings.py\n'}
[5.184017] (sim_msgs) StdoutLine: {'line': b'-- Installing: /home/arepo/vsss_sim/bullet_ws/install/sim_msgs/local/lib/python3.10/dist-packages/sim_msgs/msg/_field_data_s.c\n'}
[5.184129] (sim_msgs) StdoutLine: {'line': b'-- Installing: /home/arepo/vsss_sim/bullet_ws/install/sim_msgs/local/lib/python3.10/dist-packages/sim_msgs/msg/_high_cmd.py\n'}
[5.184240] (sim_msgs) StdoutLine: {'line': b'-- Installing: /home/arepo/vsss_sim/bullet_ws/install/sim_msgs/local/lib/python3.10/dist-packages/sim_msgs/msg/_field_data.py\n'}
[5.184353] (sim_msgs) StdoutLine: {'line': b'-- Installing: /home/arepo/vsss_sim/bullet_ws/install/sim_msgs/local/lib/python3.10/dist-packages/sim_msgs/msg/_high_cmd_s.c\n'}
[5.184469] (sim_msgs) StdoutLine: {'line': b'-- Installing: /home/arepo/vsss_sim/bullet_ws/install/sim_msgs/local/lib/python3.10/dist-packages/sim_msgs/sim_msgs_s__rosidl_typesupport_c.cpython-310-x86_64-linux-gnu.so\n'}
[5.184600] (sim_msgs) StdoutLine: {'line': b'-- Installing: /home/arepo/vsss_sim/bullet_ws/install/sim_msgs/local/lib/python3.10/dist-packages/sim_msgs/_sim_msgs_s.ep.rosidl_typesupport_c.c\n'}
[5.184732] (sim_msgs) StdoutLine: {'line': b'-- Installing: /home/arepo/vsss_sim/bullet_ws/install/sim_msgs/local/lib/python3.10/dist-packages/sim_msgs/__init__.py\n'}
[5.184818] (sim_msgs) StdoutLine: {'line': b'-- Installing: /home/arepo/vsss_sim/bullet_ws/install/sim_msgs/local/lib/python3.10/dist-packages/sim_msgs/_sim_msgs_s.ep.rosidl_typesupport_fastrtps_c.c\n'}
[5.184956] (sim_msgs) StdoutLine: {'line': b'-- Installing: /home/arepo/vsss_sim/bullet_ws/install/sim_msgs/local/lib/python3.10/dist-packages/sim_msgs/sim_msgs_s__rosidl_typesupport_introspection_c.cpython-310-x86_64-linux-gnu.so\n'}
[5.185085] (sim_msgs) StdoutLine: {'line': b'-- Installing: /home/arepo/vsss_sim/bullet_ws/install/sim_msgs/local/lib/python3.10/dist-packages/sim_msgs/sim_msgs_s__rosidl_typesupport_fastrtps_c.cpython-310-x86_64-linux-gnu.so\n'}
[5.185215] (sim_msgs) StdoutLine: {'line': b'-- Installing: /home/arepo/vsss_sim/bullet_ws/install/sim_msgs/local/lib/python3.10/dist-packages/sim_msgs/_sim_msgs_s.ep.rosidl_typesupport_introspection_c.c\n'}
[5.213066] (-) TimerEvent: {}
[5.218335] (sim_msgs) StdoutLine: {'line': b"Listing '/home/arepo/vsss_sim/bullet_ws/install/sim_msgs/local/lib/python3.10/dist-packages/sim_msgs'...\n"}
[5.218590] (sim_msgs) StdoutLine: {'line': b"Compiling '/home/arepo/vsss_sim/bullet_ws/install/sim_msgs/local/lib/python3.10/dist-packages/sim_msgs/__init__.py'...\n"}
[5.218702] (sim_msgs) StdoutLine: {'line': b"Listing '/home/arepo/vsss_sim/bullet_ws/install/sim_msgs/local/lib/python3.10/dist-packages/sim_msgs/msg'...\n"}
[5.218790] (sim_msgs) StdoutLine: {'line': b"Compiling '/home/arepo/vsss_sim/bullet_ws/install/sim_msgs/local/lib/python3.10/dist-packages/sim_msgs/msg/__init__.py'...\n"}
[5.218867] (sim_msgs) StdoutLine: {'line': b"Compiling '/home/arepo/vsss_sim/bullet_ws/install/sim_msgs/local/lib/python3.10/dist-packages/sim_msgs/msg/_field_data.py'...\n"}
[5.218939] (sim_msgs) StdoutLine: {'line': b"Compiling '/home/arepo/vsss_sim/bullet_ws/install/sim_msgs/local/lib/python3.10/dist-packages/sim_msgs/msg/_high_cmd.py'...\n"}
[5.219018] (sim_msgs) StdoutLine: {'line': b"Compiling '/home/arepo/vsss_sim/bullet_ws/install/sim_msgs/local/lib/python3.10/dist-packages/sim_msgs/msg/_low_cmd.py'...\n"}
[5.219090] (sim_msgs) StdoutLine: {'line': b"Compiling '/home/arepo/vsss_sim/bullet_ws/install/sim_msgs/local/lib/python3.10/dist-packages/sim_msgs/msg/_obj_data.py'...\n"}
[5.219141] (sim_msgs) StdoutLine: {'line': b"Compiling '/home/arepo/vsss_sim/bullet_ws/install/sim_msgs/local/lib/python3.10/dist-packages/sim_msgs/msg/_settings.py'...\n"}
[5.219172] (sim_msgs) StdoutLine: {'line': b"Listing '/home/arepo/vsss_sim/bullet_ws/install/sim_msgs/local/lib/python3.10/dist-packages/sim_msgs/srv'...\n"}
[5.219204] (sim_msgs) StdoutLine: {'line': b"Compiling '/home/arepo/vsss_sim/bullet_ws/install/sim_msgs/local/lib/python3.10/dist-packages/sim_msgs/srv/__init__.py'...\n"}
[5.219243] (sim_msgs) StdoutLine: {'line': b"Compiling '/home/arepo/vsss_sim/bullet_ws/install/sim_msgs/local/lib/python3.10/dist-packages/sim_msgs/srv/_controller.py'...\n"}
[5.219277] (sim_msgs) StdoutLine: {'line': b"Compiling '/home/arepo/vsss_sim/bullet_ws/install/sim_msgs/local/lib/python3.10/dist-packages/sim_msgs/srv/_reset.py'...\n"}
[5.221883] (sim_msgs) StdoutLine: {'line': b'-- Installing: /home/arepo/vsss_sim/bullet_ws/install/sim_msgs/local/lib/python3.10/dist-packages/sim_msgs/sim_msgs_s__rosidl_typesupport_fastrtps_c.cpython-310-x86_64-linux-gnu.so\n'}
[5.222205] (sim_msgs) StdoutLine: {'line': b'-- Set non-toolchain portion of runtime path of "/home/arepo/vsss_sim/bullet_ws/install/sim_msgs/local/lib/python3.10/dist-packages/sim_msgs/sim_msgs_s__rosidl_typesupport_fastrtps_c.cpython-310-x86_64-linux-gnu.so" to ""\n'}
[5.222467] (sim_msgs) StdoutLine: {'line': b'-- Installing: /home/arepo/vsss_sim/bullet_ws/install/sim_msgs/local/lib/python3.10/dist-packages/sim_msgs/sim_msgs_s__rosidl_typesupport_introspection_c.cpython-310-x86_64-linux-gnu.so\n'}
[5.222712] (sim_msgs) StdoutLine: {'line': b'-- Set non-toolchain portion of runtime path of "/home/arepo/vsss_sim/bullet_ws/install/sim_msgs/local/lib/python3.10/dist-packages/sim_msgs/sim_msgs_s__rosidl_typesupport_introspection_c.cpython-310-x86_64-linux-gnu.so" to ""\n'}
[5.222895] (sim_msgs) StdoutLine: {'line': b'-- Installing: /home/arepo/vsss_sim/bullet_ws/install/sim_msgs/local/lib/python3.10/dist-packages/sim_msgs/sim_msgs_s__rosidl_typesupport_c.cpython-310-x86_64-linux-gnu.so\n'}
[5.223138] (sim_msgs) StdoutLine: {'line': b'-- Set non-toolchain portion of runtime path of "/home/arepo/vsss_sim/bullet_ws/install/sim_msgs/local/lib/python3.10/dist-packages/sim_msgs/sim_msgs_s__rosidl_typesupport_c.cpython-310-x86_64-linux-gnu.so" to ""\n'}
[5.223214] (sim_msgs) StdoutLine: {'line': b'-- Installing: /home/arepo/vsss_sim/bullet_ws/install/sim_msgs/lib/libsim_msgs__rosidl_generator_py.so\n'}
[5.223578] (sim_msgs) StdoutLine: {'line': b'-- Set non-toolchain portion of runtime path of "/home/arepo/vsss_sim/bullet_ws/install/sim_msgs/lib/libsim_msgs__rosidl_generator_py.so" to ""\n'}
[5.223719] (sim_msgs) StdoutLine: {'line': b'-- Installing: /home/arepo/vsss_sim/bullet_ws/install/sim_msgs/share/sim_msgs/msg/LowCmd.idl\n'}
[5.223846] (sim_msgs) StdoutLine: {'line': b'-- Installing: /home/arepo/vsss_sim/bullet_ws/install/sim_msgs/share/sim_msgs/msg/HighCmd.idl\n'}
[5.223955] (sim_msgs) StdoutLine: {'line': b'-- Installing: /home/arepo/vsss_sim/bullet_ws/install/sim_msgs/share/sim_msgs/msg/ObjData.idl\n'}
[5.224032] (sim_msgs) StdoutLine: {'line': b'-- Installing: /home/arepo/vsss_sim/bullet_ws/install/sim_msgs/share/sim_msgs/msg/FieldData.idl\n'}
[5.224131] (sim_msgs) StdoutLine: {'line': b'-- Installing: /home/arepo/vsss_sim/bullet_ws/install/sim_msgs/share/sim_msgs/msg/Settings.idl\n'}
[5.224322] (sim_msgs) StdoutLine: {'line': b'-- Installing: /home/arepo/vsss_sim/bullet_ws/install/sim_msgs/share/sim_msgs/srv/Controller.idl\n'}
[5.224448] (sim_msgs) StdoutLine: {'line': b'-- Installing: /home/arepo/vsss_sim/bullet_ws/install/sim_msgs/share/sim_msgs/srv/Reset.idl\n'}
[5.224589] (sim_msgs) StdoutLine: {'line': b'-- Installing: /home/arepo/vsss_sim/bullet_ws/install/sim_msgs/share/sim_msgs/msg/LowCmd.msg\n'}
[5.224701] (sim_msgs) StdoutLine: {'line': b'-- Installing: /home/arepo/vsss_sim/bullet_ws/install/sim_msgs/share/sim_msgs/msg/HighCmd.msg\n'}
[5.224827] (sim_msgs) StdoutLine: {'line': b'-- Installing: /home/arepo/vsss_sim/bullet_ws/install/sim_msgs/share/sim_msgs/msg/ObjData.msg\n'}
[5.224953] (sim_msgs) StdoutLine: {'line': b'-- Installing: /home/arepo/vsss_sim/bullet_ws/install/sim_msgs/share/sim_msgs/msg/FieldData.msg\n'}
[5.225065] (sim_msgs) StdoutLine: {'line': b'-- Installing: /home/arepo/vsss_sim/bullet_ws/install/sim_msgs/share/sim_msgs/msg/Settings.msg\n'}
[5.225188] (sim_msgs) StdoutLine: {'line': b'-- Installing: /home/arepo/vsss_sim/bullet_ws/install/sim_msgs/share/sim_msgs/srv/Controller.srv\n'}
[5.225308] (sim_msgs) StdoutLine: {'line': b'-- Installing: /home/arepo/vsss_sim/bullet_ws/install/sim_msgs/share/sim_msgs/srv/Controller_Request.msg\n'}
[5.225442] (sim_msgs) StdoutLine: {'line': b'-- Installing: /home/arepo/vsss_sim/bullet_ws/install/sim_msgs/share/sim_msgs/srv/Controller_Response.msg\n'}
[5.225572] (sim_msgs) StdoutLine: {'line': b'-- Installing: /home/arepo/vsss_sim/bullet_ws/install/sim_msgs/share/sim_msgs/srv/Reset.srv\n'}
[5.225695] (sim_msgs) StdoutLine: {'line': b'-- Installing: /home/arepo/vsss_sim/bullet_ws/install/sim_msgs/share/sim_msgs/srv/Reset_Request.msg\n'}
[5.225811] (sim_msgs) StdoutLine: {'line': b'-- Installing: /home/arepo/vsss_sim/bullet_ws/install/sim_msgs/share/sim_msgs/srv/Reset_Response.msg\n'}
[5.225973] (sim_msgs) StdoutLine: {'line': b'-- Installing: /home/arepo/vsss_sim/bullet_ws/install/sim_msgs/share/ament_index/resource_index/package_run_dependencies/sim_msgs\n'}
[5.226128] (sim_msgs) StdoutLine: {'line': b'-- Installing: /home/arepo/vsss_sim/bullet_ws/install/sim_msgs/share/ament_index/resource_index/parent_prefix_path/sim_msgs\n'}
[5.226250] (sim_msgs) StdoutLine: {'line': b'-- Installing: /home/arepo/vsss_sim/bullet_ws/install/sim_msgs/share/sim_msgs/environment/ament_prefix_path.sh\n'}
[5.226368] (sim_msgs) StdoutLine: {'line': b'-- Installing: /home/arepo/vsss_sim/bullet_ws/install/sim_msgs/share/sim_msgs/environment/ament_prefix_path.dsv\n'}
[5.226496] (sim_msgs) StdoutLine: {'line': b'-- Installing: /home/arepo/vsss_sim/bullet_ws/install/sim_msgs/share/sim_msgs/environment/path.sh\n'}
[5.226613] (sim_msgs) StdoutLine: {'line': b'-- Installing: /home/arepo/vsss_sim/bullet_ws/install/sim_msgs/share/sim_msgs/environment/path.dsv\n'}
[5.226733] (sim_msgs) StdoutLine: {'line': b'-- Installing: /home/arepo/vsss_sim/bullet_ws/install/sim_msgs/share/sim_msgs/local_setup.bash\n'}
[5.226854] (sim_msgs) StdoutLine: {'line': b'-- Installing: /home/arepo/vsss_sim/bullet_ws/install/sim_msgs/share/sim_msgs/local_setup.sh\n'}
[5.226977] (sim_msgs) StdoutLine: {'line': b'-- Installing: /home/arepo/vsss_sim/bullet_ws/install/sim_msgs/share/sim_msgs/local_setup.zsh\n'}
[5.227088] (sim_msgs) StdoutLine: {'line': b'-- Installing: /home/arepo/vsss_sim/bullet_ws/install/sim_msgs/share/sim_msgs/local_setup.dsv\n'}
[5.227202] (sim_msgs) StdoutLine: {'line': b'-- Installing: /home/arepo/vsss_sim/bullet_ws/install/sim_msgs/share/sim_msgs/package.dsv\n'}
[5.227359] (sim_msgs) StdoutLine: {'line': b'-- Installing: /home/arepo/vsss_sim/bullet_ws/install/sim_msgs/share/ament_index/resource_index/packages/sim_msgs\n'}
[5.227524] (sim_msgs) StdoutLine: {'line': b'-- Installing: /home/arepo/vsss_sim/bullet_ws/install/sim_msgs/share/sim_msgs/cmake/export_sim_msgs__rosidl_generator_cExport.cmake\n'}
[5.227653] (sim_msgs) StdoutLine: {'line': b'-- Installing: /home/arepo/vsss_sim/bullet_ws/install/sim_msgs/share/sim_msgs/cmake/export_sim_msgs__rosidl_generator_cExport-noconfig.cmake\n'}
[5.227783] (sim_msgs) StdoutLine: {'line': b'-- Installing: /home/arepo/vsss_sim/bullet_ws/install/sim_msgs/share/sim_msgs/cmake/export_sim_msgs__rosidl_typesupport_fastrtps_cExport.cmake\n'}
[5.227913] (sim_msgs) StdoutLine: {'line': b'-- Installing: /home/arepo/vsss_sim/bullet_ws/install/sim_msgs/share/sim_msgs/cmake/export_sim_msgs__rosidl_typesupport_fastrtps_cExport-noconfig.cmake\n'}
[5.228036] (sim_msgs) StdoutLine: {'line': b'-- Installing: /home/arepo/vsss_sim/bullet_ws/install/sim_msgs/share/sim_msgs/cmake/sim_msgs__rosidl_typesupport_introspection_cExport.cmake\n'}
[5.228168] (sim_msgs) StdoutLine: {'line': b'-- Installing: /home/arepo/vsss_sim/bullet_ws/install/sim_msgs/share/sim_msgs/cmake/sim_msgs__rosidl_typesupport_introspection_cExport-noconfig.cmake\n'}
[5.228291] (sim_msgs) StdoutLine: {'line': b'-- Installing: /home/arepo/vsss_sim/bullet_ws/install/sim_msgs/share/sim_msgs/cmake/sim_msgs__rosidl_typesupport_cExport.cmake\n'}
[5.228431] (sim_msgs) StdoutLine: {'line': b'-- Installing: /home/arepo/vsss_sim/bullet_ws/install/sim_msgs/share/sim_msgs/cmake/sim_msgs__rosidl_typesupport_cExport-noconfig.cmake\n'}
[5.228553] (sim_msgs) StdoutLine: {'line': b'-- Installing: /home/arepo/vsss_sim/bullet_ws/install/sim_msgs/share/sim_msgs/cmake/export_sim_msgs__rosidl_generator_cppExport.cmake\n'}
[5.228685] (sim_msgs) StdoutLine: {'line': b'-- Installing: /home/arepo/vsss_sim/bullet_ws/install/sim_msgs/share/sim_msgs/cmake/export_sim_msgs__rosidl_typesupport_fastrtps_cppExport.cmake\n'}
[5.228811] (sim_msgs) StdoutLine: {'line': b'-- Installing: /home/arepo/vsss_sim/bullet_ws/install/sim_msgs/share/sim_msgs/cmake/export_sim_msgs__rosidl_typesupport_fastrtps_cppExport-noconfig.cmake\n'}
[5.228939] (sim_msgs) StdoutLine: {'line': b'-- Installing: /home/arepo/vsss_sim/bullet_ws/install/sim_msgs/share/sim_msgs/cmake/sim_msgs__rosidl_typesupport_introspection_cppExport.cmake\n'}
[5.229058] (sim_msgs) StdoutLine: {'line': b'-- Installing: /home/arepo/vsss_sim/bullet_ws/install/sim_msgs/share/sim_msgs/cmake/sim_msgs__rosidl_typesupport_introspection_cppExport-noconfig.cmake\n'}
[5.229184] (sim_msgs) StdoutLine: {'line': b'-- Installing: /home/arepo/vsss_sim/bullet_ws/install/sim_msgs/share/sim_msgs/cmake/sim_msgs__rosidl_typesupport_cppExport.cmake\n'}
[5.229304] (sim_msgs) StdoutLine: {'line': b'-- Installing: /home/arepo/vsss_sim/bullet_ws/install/sim_msgs/share/sim_msgs/cmake/sim_msgs__rosidl_typesupport_cppExport-noconfig.cmake\n'}
[5.229443] (sim_msgs) StdoutLine: {'line': b'-- Installing: /home/arepo/vsss_sim/bullet_ws/install/sim_msgs/share/sim_msgs/cmake/export_sim_msgs__rosidl_generator_pyExport.cmake\n'}
[5.229564] (sim_msgs) StdoutLine: {'line': b'-- Installing: /home/arepo/vsss_sim/bullet_ws/install/sim_msgs/share/sim_msgs/cmake/export_sim_msgs__rosidl_generator_pyExport-noconfig.cmake\n'}
[5.229688] (sim_msgs) StdoutLine: {'line': b'-- Installing: /home/arepo/vsss_sim/bullet_ws/install/sim_msgs/share/sim_msgs/cmake/rosidl_cmake-extras.cmake\n'}
[5.229804] (sim_msgs) StdoutLine: {'line': b'-- Installing: /home/arepo/vsss_sim/bullet_ws/install/sim_msgs/share/sim_msgs/cmake/ament_cmake_export_include_directories-extras.cmake\n'}
[5.229928] (sim_msgs) StdoutLine: {'line': b'-- Installing: /home/arepo/vsss_sim/bullet_ws/install/sim_msgs/share/sim_msgs/cmake/ament_cmake_export_libraries-extras.cmake\n'}
[5.230048] (sim_msgs) StdoutLine: {'line': b'-- Installing: /home/arepo/vsss_sim/bullet_ws/install/sim_msgs/share/sim_msgs/cmake/ament_cmake_export_targets-extras.cmake\n'}
[5.230172] (sim_msgs) StdoutLine: {'line': b'-- Installing: /home/arepo/vsss_sim/bullet_ws/install/sim_msgs/share/sim_msgs/cmake/rosidl_cmake_export_typesupport_targets-extras.cmake\n'}
[5.230360] (sim_msgs) StdoutLine: {'line': b'-- Installing: /home/arepo/vsss_sim/bullet_ws/install/sim_msgs/share/sim_msgs/cmake/ament_cmake_export_dependencies-extras.cmake\n'}
[5.230581] (sim_msgs) StdoutLine: {'line': b'-- Installing: /home/arepo/vsss_sim/bullet_ws/install/sim_msgs/share/sim_msgs/cmake/rosidl_cmake_export_typesupport_libraries-extras.cmake\n'}
[5.230725] (sim_msgs) StdoutLine: {'line': b'-- Installing: /home/arepo/vsss_sim/bullet_ws/install/sim_msgs/share/sim_msgs/cmake/sim_msgsConfig.cmake\n'}
[5.230854] (sim_msgs) StdoutLine: {'line': b'-- Installing: /home/arepo/vsss_sim/bullet_ws/install/sim_msgs/share/sim_msgs/cmake/sim_msgsConfig-version.cmake\n'}
[5.230989] (sim_msgs) StdoutLine: {'line': b'-- Installing: /home/arepo/vsss_sim/bullet_ws/install/sim_msgs/share/sim_msgs/package.xml\n'}
[5.232566] (sim_msgs) CommandEnded: {'returncode': 0}
[5.254399] (sim_msgs) JobEnded: {'identifier': 'sim_msgs', 'rc': 0}
[5.255268] (sim) JobStarted: {'identifier': 'sim'}
[5.313195] (-) TimerEvent: {}
[5.413499] (-) TimerEvent: {}
[5.513817] (-) TimerEvent: {}
[5.614127] (-) TimerEvent: {}
[5.714444] (-) TimerEvent: {}
[5.814748] (-) TimerEvent: {}
[5.915080] (-) TimerEvent: {}
[5.926457] (sim) Command: {'cmd': ['/usr/bin/python3', '-W', 'ignore:setup.py install is deprecated', '-W', 'ignore:easy_install command is deprecated', 'setup.py', 'egg_info', '--egg-base', '../../build/sim', 'build', '--build-base', '/home/arepo/vsss_sim/bullet_ws/build/sim/build', 'install', '--record', '/home/arepo/vsss_sim/bullet_ws/build/sim/install.log', '--single-version-externally-managed', 'install_data'], 'cwd': '/home/arepo/vsss_sim/bullet_ws/src/sim', 'env': {'GJS_DEBUG_TOPICS': 'JS ERROR;JS LOG', 'PROFILEHOME': '', 'LESSOPEN': '| /usr/bin/lesspipe %s', 'LANGUAGE': '', 'USER': 'arepo', 'LC_TIME': 'es_MX.UTF-8', 'XDG_SESSION_TYPE': 'x11', 'KONSOLE_VERSION': '211203', 'SHLVL': '1', 'LD_LIBRARY_PATH': '/home/arepo/vsss_sim/bullet_ws/install/sim_msgs/lib:/home/arepo/vsss/bullet_ws/install/sim_msgs/lib:/usr/local/cuda-12.6/lib64:/usr/lib/x86_64-linux-gnu/gazebo-11/plugins:/opt/ros/humble/opt/rviz_ogre_vendor/lib:/opt/ros/humble/lib/x86_64-linux-gnu:/opt/ros/humble/lib', 'HOME': '/home/arepo', 'OLDPWD': '/home/arepo/vsss_sim', 'DESKTOP_SESSION': 'ubuntu', 'GIO_LAUNCHED_DESKTOP_FILE': '/usr/share/applications/org.kde.konsole.desktop', 'ROS_PYTHON_VERSION': '3', 'GNOME_SHELL_SESSION_MODE': 'ubuntu', 'SHELL_SESSION_ID': '23dd6b86062b4413bb9ad94b12a83ad6', 'GTK_MODULES': 'gail:atk-bridge', 'LC_MONETARY': 'es_MX.UTF-8', 'KONSOLE_DBUS_SESSION': '/Sessions/4', 'MANAGERPID': '1615', 'SYSTEMD_EXEC_PID': '1875', 'DBUS_SESSION_BUS_ADDRESS': 'unix:path=/run/user/1000/bus', 'COLORTERM': 'truecolor', 'GIO_LAUNCHED_DESKTOP_FILE_PID': '3980', 'KONSOLE_DBUS_WINDOW': '/Windows/1', 'COLCON_PREFIX_PATH': '/home/arepo/vsss_sim/bullet_ws/install:/home/arepo/vsss/bullet_ws/install', 'ROS_DISTRO': 'humble', 'GTK_IM_MODULE': 'ibus', 'LOGNAME': 'arepo', 'WINDOWID': '8388615', 'JOURNAL_STREAM': '8:565', '_': '/usr/bin/colcon', 'ROS_VERSION': '2', 'XDG_SESSION_CLASS': 'user', 'COLORFGBG': '15;0', 'USERNAME': 'arepo', 'TERM': 'xterm-256color', 'GNOME_DESKTOP_SESSION_ID': 'this-is-deprecated', 'ROS_LOCALHOST_ONLY': '0', 'WINDOWPATH': '2', 'PATH': '/usr/local/cuda-12.6/bin:/opt/ros/humble/bin:/home/arepo/.local/bin:/home/arepo/bin:/usr/local/sbin:/usr/local/bin:/usr/sbin:/usr/bin:/sbin:/bin:/usr/games:/usr/local/games:/snap/bin:/snap/bin:/home/arepo/.spicetify', 'SESSION_MANAGER': 'local/arepo-Legion:@/tmp/.ICE-unix/1848,unix/arepo-Legion:/tmp/.ICE-unix/1848', 'INVOCATION_ID': '9d7b7d3356d3449ab7d7879c887efd98', 'XDG_MENU_PREFIX': 'gnome-', 'LC_ADDRESS': 'es_MX.UTF-8', 'XDG_RUNTIME_DIR': '/run/user/1000', 'DISPLAY': ':1', 'LANG': 'en_US.UTF-8', 'XDG_CURRENT_DESKTOP': 'ubuntu:GNOME', 'LC_TELEPHONE': 'es_MX.UTF-8', 'XMODIFIERS': '@im=ibus', 'XDG_SESSION_DESKTOP': 'ubuntu', 'XAUTHORITY': '/run/user/1000/gdm/Xauthority', 'LS_COLORS': 'rs=0:di=01;34:ln=01;36:mh=00:pi=40;33:so=01;35:do=01;35:bd=40;33;01:cd=40;33;01:or=40;31;01:mi=00:su=37;41:sg=30;43:ca=30;41:tw=30;42:ow=34;42:st=37;44:ex=01;32:*.tar=01;31:*.tgz=01;31:*.arc=01;31:*.arj=01;31:*.taz=01;31:*.lha=01;31:*.lz4=01;31:*.lzh=01;31:*.lzma=01;31:*.tlz=01;31:*.txz=01;31:*.tzo=01;31:*.t7z=01;31:*.zip=01;31:*.z=01;31:*.dz=01;31:*.gz=01;31:*.lrz=01;31:*.lz=01;31:*.lzo=01;31:*.xz=01;31:*.zst=01;31:*.tzst=01;31:*.bz2=01;31:*.bz=01;31:*.tbz=01;31:*.tbz2=01;31:*.tz=01;31:*.deb=01;31:*.rpm=01;31:*.jar=01;31:*.war=01;31:*.ear=01;31:*.sar=01;31:*.rar=01;31:*.alz=01;31:*.ace=01;31:*.zoo=01;31:*.cpio=01;31:*.7z=01;31:*.rz=01;31:*.cab=01;31:*.wim=01;31:*.swm=01;31:*.dwm=01;31:*.esd=01;31:*.jpg=01;35:*.jpeg=01;35:*.mjpg=01;35:*.mjpeg=01;35:*.gif=01;35:*.bmp=01;35:*.pbm=01;35:*.pgm=01;35:*.ppm=01;35:*.tga=01;35:*.xbm=01;35:*.xpm=01;35:*.tif=01;35:*.tiff=01;35:*.png=01;35:*.svg=01;35:*.svgz=01;35:*.mng=01;35:*.pcx=01;35:*.mov=01;35:*.mpg=01;35:*.mpeg=01;35:*.m2v=01;35:*.mkv=01;35:*.webm=01;35:*.webp=01;35:*.ogm=01;35:*.mp4=01;35:*.m4v=01;35:*.mp4v=01;35:*.vob=01;35:*.qt=01;35:*.nuv=01;35:*.wmv=01;35:*.asf=01;35:*.rm=01;35:*.rmvb=01;35:*.flc=01;35:*.avi=01;35:*.fli=01;35:*.flv=01;35:*.gl=01;35:*.dl=01;35:*.xcf=01;35:*.xwd=01;35:*.yuv=01;35:*.cgm=01;35:*.emf=01;35:*.ogv=01;35:*.ogx=01;35:*.aac=00;36:*.au=00;36:*.flac=00;36:*.m4a=00;36:*.mid=00;36:*.midi=00;36:*.mka=00;36:*.mp3=00;36:*.mpc=00;36:*.ogg=00;36:*.ra=00;36:*.wav=00;36:*.oga=00;36:*.opus=00;36:*.spx=00;36:*.xspf=00;36:', 'SSH_AGENT_LAUNCHER': 'gnome-keyring', 'SSH_AUTH_SOCK': '/run/user/1000/keyring/ssh', 'ROS_DOMAIN_ID': '10', 'AMENT_PREFIX_PATH': '/home/arepo/vsss_sim/bullet_ws/install/vision:/home/arepo/vsss_sim/bullet_ws/install/sim:/home/arepo/vsss_sim/bullet_ws/install/sim_msgs:/home/arepo/vsss/bullet_ws/install/vision:/home/arepo/vsss/bullet_ws/install/sim:/home/arepo/vsss/bullet_ws/install/sim_msgs:/opt/ros/humble', 'SHELL': '/bin/bash', 'LC_NAME': 'es_MX.UTF-8', 'QT_ACCESSIBILITY': '1', 'GDMSESSION': 'ubuntu', 'LESSCLOSE': '/usr/bin/lesspipe %s %s', 'KONSOLE_DBUS_SERVICE': ':1.114', 'LC_MEASUREMENT': 'es_MX.UTF-8', 'GPG_AGENT_INFO': '/run/user/1000/gnupg/S.gpg-agent:0:1', 'GJS_DEBUG_OUTPUT': 'stderr', 'LC_IDENTIFICATION': 'es_MX.UTF-8', 'QT_IM_MODULE': 'ibus', 'PWD': '/home/arepo/vsss_sim/bullet_ws/build/sim', 'LC_ALL': 'en_US.UTF-8', 'XDG_CONFIG_DIRS': '/etc/xdg/xdg-ubuntu:/etc/xdg', 'XDG_DATA_DIRS': '/usr/share/ubuntu:/usr/share/gnome:/usr/local/share/:/usr/share/:/var/lib/snapd/desktop', 'PYTHONPATH': '/home/arepo/vsss_sim/bullet_ws/build/sim/prefix_override:/usr/lib/python3/dist-packages/colcon_core/task/python/colcon_distutils_commands:/home/arepo/vsss_sim/bullet_ws/install/sim/lib/python3.10/site-packages:/home/arepo/vsss_sim/bullet_ws/install/vision/lib/python3.10/site-packages:/home/arepo/vsss_sim/bullet_ws/install/sim/lib/python3.10/site-packages:/home/arepo/vsss_sim/bullet_ws/install/sim_msgs/local/lib/python3.10/dist-packages:/home/arepo/vsss/bullet_ws/install/vision/lib/python3.10/site-packages:/home/arepo/vsss/bullet_ws/install/sim/lib/python3.10/site-packages:/home/arepo/vsss/bullet_ws/install/sim_msgs/local/lib/python3.10/dist-packages:/opt/ros/humble/lib/python3.10/site-packages:/opt/ros/humble/local/lib/python3.10/dist-packages', 'LC_NUMERIC': 'es_MX.UTF-8', 'LC_PAPER': 'es_MX.UTF-8', 'COLCON': '1', 'CMAKE_PREFIX_PATH': '/home/arepo/vsss_sim/bullet_ws/install/sim_msgs:/home/arepo/vsss/bullet_ws/install/sim_msgs'}, 'shell': False}
[6.015201] (-) TimerEvent: {}
[6.115518] (-) TimerEvent: {}
[6.134503] (sim) StdoutLine: {'line': b'running egg_info\n'}
[6.134865] (sim) StdoutLine: {'line': b'creating ../../build/sim/sim.egg-info\n'}
[6.149427] (sim) StdoutLine: {'line': b'writing ../../build/sim/sim.egg-info/PKG-INFO\n'}
[6.149796] (sim) StdoutLine: {'line': b'writing dependency_links to ../../build/sim/sim.egg-info/dependency_links.txt\n'}
[6.149933] (sim) StdoutLine: {'line': b'writing entry points to ../../build/sim/sim.egg-info/entry_points.txt\n'}
[6.150145] (sim) StdoutLine: {'line': b'writing requirements to ../../build/sim/sim.egg-info/requires.txt\n'}
[6.150257] (sim) StdoutLine: {'line': b'writing top-level names to ../../build/sim/sim.egg-info/top_level.txt\n'}
[6.150339] (sim) StdoutLine: {'line': b"writing manifest file '../../build/sim/sim.egg-info/SOURCES.txt'\n"}
[6.179782] (sim) StdoutLine: {'line': b"reading manifest file '../../build/sim/sim.egg-info/SOURCES.txt'\n"}
[6.179935] (sim) StdoutLine: {'line': b"adding license file 'LICENSE'\n"}
[6.180516] (sim) StdoutLine: {'line': b"writing manifest file '../../build/sim/sim.egg-info/SOURCES.txt'\n"}
[6.180727] (sim) StdoutLine: {'line': b'running build\n'}
[6.180840] (sim) StdoutLine: {'line': b'running build_py\n'}
[6.180999] (sim) StdoutLine: {'line': b'creating /home/arepo/vsss_sim/bullet_ws/build/sim/build\n'}
[6.181089] (sim) StdoutLine: {'line': b'creating /home/arepo/vsss_sim/bullet_ws/build/sim/build/lib\n'}
[6.181170] (sim) StdoutLine: {'line': b'creating /home/arepo/vsss_sim/bullet_ws/build/sim/build/lib/sim\n'}
[6.181253] (sim) StdoutLine: {'line': b'copying sim/vision2.py -> /home/arepo/vsss_sim/bullet_ws/build/sim/build/lib/sim\n'}
[6.181376] (sim) StdoutLine: {'line': b'copying sim/sim.py -> /home/arepo/vsss_sim/bullet_ws/build/sim/build/lib/sim\n'}
[6.181484] (sim) StdoutLine: {'line': b'copying sim/strat.py -> /home/arepo/vsss_sim/bullet_ws/build/sim/build/lib/sim\n'}
[6.181564] (sim) StdoutLine: {'line': b'copying sim/gui.py -> /home/arepo/vsss_sim/bullet_ws/build/sim/build/lib/sim\n'}
[6.181627] (sim) StdoutLine: {'line': b'copying sim/vision.py -> /home/arepo/vsss_sim/bullet_ws/build/sim/build/lib/sim\n'}
[6.181669] (sim) StdoutLine: {'line': b'copying sim/__init__.py -> /home/arepo/vsss_sim/bullet_ws/build/sim/build/lib/sim\n'}
[6.181729] (sim) StdoutLine: {'line': b'copying sim/bridge.py -> /home/arepo/vsss_sim/bullet_ws/build/sim/build/lib/sim\n'}
[6.181789] (sim) StdoutLine: {'line': b'copying sim/strat2.py -> /home/arepo/vsss_sim/bullet_ws/build/sim/build/lib/sim\n'}
[6.181862] (sim) StdoutLine: {'line': b'copying sim/stratMax.py -> /home/arepo/vsss_sim/bullet_ws/build/sim/build/lib/sim\n'}
[6.181964] (sim) StdoutLine: {'line': b'copying sim/tests.py -> /home/arepo/vsss_sim/bullet_ws/build/sim/build/lib/sim\n'}
[6.182058] (sim) StdoutLine: {'line': b'copying sim/comms.py -> /home/arepo/vsss_sim/bullet_ws/build/sim/build/lib/sim\n'}
[6.182309] (sim) StdoutLine: {'line': b'running install\n'}
[6.186044] (sim) StdoutLine: {'line': b'running install_lib\n'}
[6.200892] (sim) StdoutLine: {'line': b'creating /home/arepo/vsss_sim/bullet_ws/install/sim/lib/python3.10/site-packages/sim\n'}
[6.201180] (sim) StdoutLine: {'line': b'copying /home/arepo/vsss_sim/bullet_ws/build/sim/build/lib/sim/vision2.py -> /home/arepo/vsss_sim/bullet_ws/install/sim/lib/python3.10/site-packages/sim\n'}
[6.201300] (sim) StdoutLine: {'line': b'copying /home/arepo/vsss_sim/bullet_ws/build/sim/build/lib/sim/sim.py -> /home/arepo/vsss_sim/bullet_ws/install/sim/lib/python3.10/site-packages/sim\n'}
[6.201420] (sim) StdoutLine: {'line': b'copying /home/arepo/vsss_sim/bullet_ws/build/sim/build/lib/sim/strat.py -> /home/arepo/vsss_sim/bullet_ws/install/sim/lib/python3.10/site-packages/sim\n'}
[6.201707] (sim) StdoutLine: {'line': b'copying /home/arepo/vsss_sim/bullet_ws/build/sim/build/lib/sim/gui.py -> /home/arepo/vsss_sim/bullet_ws/install/sim/lib/python3.10/site-packages/sim\n'}
[6.201816] (sim) StdoutLine: {'line': b'copying /home/arepo/vsss_sim/bullet_ws/build/sim/build/lib/sim/vision.py -> /home/arepo/vsss_sim/bullet_ws/install/sim/lib/python3.10/site-packages/sim\n'}
[6.201926] (sim) StdoutLine: {'line': b'copying /home/arepo/vsss_sim/bullet_ws/build/sim/build/lib/sim/__init__.py -> /home/arepo/vsss_sim/bullet_ws/install/sim/lib/python3.10/site-packages/sim\n'}
[6.202016] (sim) StdoutLine: {'line': b'copying /home/arepo/vsss_sim/bullet_ws/build/sim/build/lib/sim/bridge.py -> /home/arepo/vsss_sim/bullet_ws/install/sim/lib/python3.10/site-packages/sim\n'}
[6.202101] (sim) StdoutLine: {'line': b'copying /home/arepo/vsss_sim/bullet_ws/build/sim/build/lib/sim/strat2.py -> /home/arepo/vsss_sim/bullet_ws/install/sim/lib/python3.10/site-packages/sim\n'}
[6.202204] (sim) StdoutLine: {'line': b'copying /home/arepo/vsss_sim/bullet_ws/build/sim/build/lib/sim/stratMax.py -> /home/arepo/vsss_sim/bullet_ws/install/sim/lib/python3.10/site-packages/sim\n'}
[6.202308] (sim) StdoutLine: {'line': b'copying /home/arepo/vsss_sim/bullet_ws/build/sim/build/lib/sim/tests.py -> /home/arepo/vsss_sim/bullet_ws/install/sim/lib/python3.10/site-packages/sim\n'}
[6.202399] (sim) StdoutLine: {'line': b'copying /home/arepo/vsss_sim/bullet_ws/build/sim/build/lib/sim/comms.py -> /home/arepo/vsss_sim/bullet_ws/install/sim/lib/python3.10/site-packages/sim\n'}
[6.202487] (sim) StdoutLine: {'line': b'byte-compiling /home/arepo/vsss_sim/bullet_ws/install/sim/lib/python3.10/site-packages/sim/vision2.py to vision2.cpython-310.pyc\n'}
[6.205965] (sim) StdoutLine: {'line': b'byte-compiling /home/arepo/vsss_sim/bullet_ws/install/sim/lib/python3.10/site-packages/sim/sim.py to sim.cpython-310.pyc\n'}
[6.207430] (sim) StdoutLine: {'line': b'byte-compiling /home/arepo/vsss_sim/bullet_ws/install/sim/lib/python3.10/site-packages/sim/strat.py to strat.cpython-310.pyc\n'}
[6.209939] (sim) StdoutLine: {'line': b'byte-compiling /home/arepo/vsss_sim/bullet_ws/install/sim/lib/python3.10/site-packages/sim/gui.py to gui.cpython-310.pyc\n'}
[6.212493] (sim) StdoutLine: {'line': b'byte-compiling /home/arepo/vsss_sim/bullet_ws/install/sim/lib/python3.10/site-packages/sim/vision.py to vision.cpython-310.pyc\n'}
[6.214589] (sim) StdoutLine: {'line': b'byte-compiling /home/arepo/vsss_sim/bullet_ws/install/sim/lib/python3.10/site-packages/sim/__init__.py to __init__.cpython-310.pyc\n'}
[6.214794] (sim) StdoutLine: {'line': b'byte-compiling /home/arepo/vsss_sim/bullet_ws/install/sim/lib/python3.10/site-packages/sim/bridge.py to bridge.cpython-310.pyc\n'}
[6.215590] (-) TimerEvent: {}
[6.215800] (sim) StdoutLine: {'line': b'byte-compiling /home/arepo/vsss_sim/bullet_ws/install/sim/lib/python3.10/site-packages/sim/strat2.py to strat2.cpython-310.pyc\n'}
[6.218110] (sim) StdoutLine: {'line': b'byte-compiling /home/arepo/vsss_sim/bullet_ws/install/sim/lib/python3.10/site-packages/sim/stratMax.py to stratMax.cpython-310.pyc\n'}
[6.219088] (sim) StdoutLine: {'line': b'byte-compiling /home/arepo/vsss_sim/bullet_ws/install/sim/lib/python3.10/site-packages/sim/tests.py to tests.cpython-310.pyc\n'}
[6.219646] (sim) StdoutLine: {'line': b'byte-compiling /home/arepo/vsss_sim/bullet_ws/install/sim/lib/python3.10/site-packages/sim/comms.py to comms.cpython-310.pyc\n'}
[6.220283] (sim) StdoutLine: {'line': b'running install_data\n'}
[6.220436] (sim) StdoutLine: {'line': b'creating /home/arepo/vsss_sim/bullet_ws/install/sim/share/ament_index\n'}
[6.220543] (sim) StdoutLine: {'line': b'creating /home/arepo/vsss_sim/bullet_ws/install/sim/share/ament_index/resource_index\n'}
[6.220619] (sim) StdoutLine: {'line': b'creating /home/arepo/vsss_sim/bullet_ws/install/sim/share/ament_index/resource_index/packages\n'}
[6.220672] (sim) StdoutLine: {'line': b'copying resource/sim -> /home/arepo/vsss_sim/bullet_ws/install/sim/share/ament_index/resource_index/packages\n'}
[6.220733] (sim) StdoutLine: {'line': b'copying package.xml -> /home/arepo/vsss_sim/bullet_ws/install/sim/share/sim\n'}
[6.220798] (sim) StdoutLine: {'line': b'creating /home/arepo/vsss_sim/bullet_ws/install/sim/share/sim/launch\n'}
[6.220865] (sim) StdoutLine: {'line': b'copying launch/launch_strat.launch.py -> /home/arepo/vsss_sim/bullet_ws/install/sim/share/sim/launch\n'}
[6.220928] (sim) StdoutLine: {'line': b'copying launch/launch_all.launch.py -> /home/arepo/vsss_sim/bullet_ws/install/sim/share/sim/launch\n'}
[6.220993] (sim) StdoutLine: {'line': b'copying launch/launch_sim.launch.py -> /home/arepo/vsss_sim/bullet_ws/install/sim/share/sim/launch\n'}
[6.221087] (sim) StdoutLine: {'line': b'creating /home/arepo/vsss_sim/bullet_ws/install/sim/share/sim/urdf\n'}
[6.221166] (sim) StdoutLine: {'line': b'copying urdf/field.urdf -> /home/arepo/vsss_sim/bullet_ws/install/sim/share/sim/urdf\n'}
[6.221870] (sim) StdoutLine: {'line': b'copying urdf/ball.urdf -> /home/arepo/vsss_sim/bullet_ws/install/sim/share/sim/urdf\n'}
[6.230785] (sim) StdoutLine: {'line': b'copying urdf/robot.urdf -> /home/arepo/vsss_sim/bullet_ws/install/sim/share/sim/urdf\n'}
[6.231152] (sim) StdoutLine: {'line': b'creating /home/arepo/vsss_sim/bullet_ws/install/sim/share/sim/models\n'}
[6.231321] (sim) StdoutLine: {'line': b'copying models/yolo.pt -> /home/arepo/vsss_sim/bullet_ws/install/sim/share/sim/models\n'}
[6.316004] (-) TimerEvent: {}
[6.341692] (sim) StdoutLine: {'line': b'creating /home/arepo/vsss_sim/bullet_ws/install/sim/share/sim/meshes\n'}
[6.341966] (sim) StdoutLine: {'line': b'copying meshes/fieldPlane_017.stl -> /home/arepo/vsss_sim/bullet_ws/install/sim/share/sim/meshes\n'}
[6.342071] (sim) StdoutLine: {'line': b'copying meshes/fieldPlane_007.stl -> /home/arepo/vsss_sim/bullet_ws/install/sim/share/sim/meshes\n'}
[6.342226] (sim) StdoutLine: {'line': b'copying meshes/fieldPlane_012.stl -> /home/arepo/vsss_sim/bullet_ws/install/sim/share/sim/meshes\n'}
[6.342308] (sim) StdoutLine: {'line': b'copying meshes/fieldPlane_004.stl -> /home/arepo/vsss_sim/bullet_ws/install/sim/share/sim/meshes\n'}
[6.342414] (sim) StdoutLine: {'line': b'copying meshes/fieldPlane_011.stl -> /home/arepo/vsss_sim/bullet_ws/install/sim/share/sim/meshes\n'}
[6.342492] (sim) StdoutLine: {'line': b'copying meshes/fieldPlane_001.stl -> /home/arepo/vsss_sim/bullet_ws/install/sim/share/sim/meshes\n'}
[6.342694] (sim) StdoutLine: {'line': b'copying meshes/fieldPlane_008.stl -> /home/arepo/vsss_sim/bullet_ws/install/sim/share/sim/meshes\n'}
[6.342827] (sim) StdoutLine: {'line': b'copying meshes/fieldPlane_014.stl -> /home/arepo/vsss_sim/bullet_ws/install/sim/share/sim/meshes\n'}
[6.342984] (sim) StdoutLine: {'line': b'copying meshes/fieldPlane_009.stl -> /home/arepo/vsss_sim/bullet_ws/install/sim/share/sim/meshes\n'}
[6.343109] (sim) StdoutLine: {'line': b'copying meshes/fieldPlane_015.stl -> /home/arepo/vsss_sim/bullet_ws/install/sim/share/sim/meshes\n'}
[6.343251] (sim) StdoutLine: {'line': b'copying meshes/fieldPlane_003.stl -> /home/arepo/vsss_sim/bullet_ws/install/sim/share/sim/meshes\n'}
[6.343362] (sim) StdoutLine: {'line': b'copying meshes/fieldPlane_013.stl -> /home/arepo/vsss_sim/bullet_ws/install/sim/share/sim/meshes\n'}
[6.343498] (sim) StdoutLine: {'line': b'copying meshes/fieldPlane_005.stl -> /home/arepo/vsss_sim/bullet_ws/install/sim/share/sim/meshes\n'}
[6.343602] (sim) StdoutLine: {'line': b'copying meshes/fieldPlane_006.stl -> /home/arepo/vsss_sim/bullet_ws/install/sim/share/sim/meshes\n'}
[6.343725] (sim) StdoutLine: {'line': b'copying meshes/fieldPlane_002.stl -> /home/arepo/vsss_sim/bullet_ws/install/sim/share/sim/meshes\n'}
[6.343892] (sim) StdoutLine: {'line': b'copying meshes/fieldPlane_016.stl -> /home/arepo/vsss_sim/bullet_ws/install/sim/share/sim/meshes\n'}
[6.344021] (sim) StdoutLine: {'line': b'copying meshes/fieldPlane_010.stl -> /home/arepo/vsss_sim/bullet_ws/install/sim/share/sim/meshes\n'}
[6.344160] (sim) StdoutLine: {'line': b'creating /home/arepo/vsss_sim/bullet_ws/install/sim/share/sim/imgs\n'}
[6.344231] (sim) StdoutLine: {'line': b'copying imgs/dst.png -> /home/arepo/vsss_sim/bullet_ws/install/sim/share/sim/imgs\n'}
[6.344803] (sim) StdoutLine: {'line': b'running install_egg_info\n'}
[6.360713] (sim) StdoutLine: {'line': b'Copying ../../build/sim/sim.egg-info to /home/arepo/vsss_sim/bullet_ws/install/sim/lib/python3.10/site-packages/sim-0.0.0-py3.10.egg-info\n'}
[6.361126] (sim) StdoutLine: {'line': b'running install_scripts\n'}
[6.416110] (-) TimerEvent: {}
[6.510812] (sim) StdoutLine: {'line': b'Installing bridge script to /home/arepo/vsss_sim/bullet_ws/install/sim/lib/sim\n'}
[6.511092] (sim) StdoutLine: {'line': b'Installing comms script to /home/arepo/vsss_sim/bullet_ws/install/sim/lib/sim\n'}
[6.511280] (sim) StdoutLine: {'line': b'Installing gui script to /home/arepo/vsss_sim/bullet_ws/install/sim/lib/sim\n'}
[6.511368] (sim) StdoutLine: {'line': b'Installing sim script to /home/arepo/vsss_sim/bullet_ws/install/sim/lib/sim\n'}
[6.511482] (sim) StdoutLine: {'line': b'Installing strat script to /home/arepo/vsss_sim/bullet_ws/install/sim/lib/sim\n'}
[6.511562] (sim) StdoutLine: {'line': b'Installing strat2 script to /home/arepo/vsss_sim/bullet_ws/install/sim/lib/sim\n'}
[6.511609] (sim) StdoutLine: {'line': b'Installing stratmax script to /home/arepo/vsss_sim/bullet_ws/install/sim/lib/sim\n'}
[6.511646] (sim) StdoutLine: {'line': b'Installing tests script to /home/arepo/vsss_sim/bullet_ws/install/sim/lib/sim\n'}
[6.511687] (sim) StdoutLine: {'line': b'Installing vision script to /home/arepo/vsss_sim/bullet_ws/install/sim/lib/sim\n'}
[6.511725] (sim) StdoutLine: {'line': b'Installing vision2 script to /home/arepo/vsss_sim/bullet_ws/install/sim/lib/sim\n'}
[6.511844] (sim) StdoutLine: {'line': b"writing list of installed files to '/home/arepo/vsss_sim/bullet_ws/build/sim/install.log'\n"}
[6.516228] (-) TimerEvent: {}
[6.534462] (sim) CommandEnded: {'returncode': 0}
[6.538736] (sim) JobEnded: {'identifier': 'sim', 'rc': 0}
[6.539392] (-) EventReactorShutdown: {}
